District,District_Lat,District_Lon,Mandi,Mandi_Lat,Mandi_Lon,Distance_km,Estimated_Transport_Cost_Rs
Anantapur,14.6819,77.6006,Kurnool APMC,15.8281,78.0373,135.79,4073.66
Anantapur,14.6819,77.6006,Rapur APMC,14.2,79.5333,214.9,6447.09
Anantapur,14.6819,77.6006,Tirupati APMC,13.6288,79.4192,228.38,6851.42
Anantapur,14.6819,77.6006,Rajampet APMC,14.1933,79.1606,176.55,5296.57
Anantapur,14.6819,77.6006,Ambajipeta APMC,16.715,81.99,521.39,15641.83
Anantapur,14.6819,77.6006,Rajahmundry APMC,16.9891,81.784,515.8,15474.03
Anantapur,14.6819,77.6006,Ravulapalem APMC,16.7667,81.8333,508.87,15266.19
Anantapur,14.6819,77.6006,Thiruchanur APMC,13.6173,79.4105,228.24,6847.22
Anantapur,14.6819,77.6006,Vijayanagaram APMC,18.1067,83.3956,725.94,21778.35
Anantapur,14.6819,77.6006,Nandyal APMC,15.477,78.4836,129.63,3888.93
Anantapur,14.6819,77.6006,Palamaner APMC,13.1992,78.7476,206.16,6184.89
Anantapur,14.6819,77.6006,Tadikonda APMC,16.4128,80.4534,361.15,10834.56
Anantapur,14.6819,77.6006,Tiruvuru APMC,17.1,80.6333,421.27,12638.08
Anantapur,14.6819,77.6006,Adoni APMC,15.6279,77.2749,110.85,3325.4
Anantapur,14.6819,77.6006,Atmakur(SPS) APMC,14.6247,79.4126,195.03,5851.05
Anantapur,14.6819,77.6006,Dharmavaram APMC,14.4143,77.7126,32.1,963.14
Anantapur,14.6819,77.6006,Tenakallu APMC,14.25,77.7333,50.11,1503.16
Anantapur,14.6819,77.6006,Cuddapah APMC,14.4673,78.8242,133.82,4014.73
Anantapur,14.6819,77.6006,Lakkireddipalli APMC,14.1283,78.7239,135.74,4072.15
Anantapur,14.6819,77.6006,Pulivendula APMC,14.4214,78.225,73.18,2195.39
Anantapur,14.6819,77.6006,Yemmiganur APMC,15.772,77.483,121.87,3656.05
Anantapur,14.6819,77.6006,Gudur APMC,14.1467,79.85,249.45,7483.47
Anantapur,14.6819,77.6006,Kadiri APMC,14.1116,78.1616,87.59,2627.72
Anantapur,14.6819,77.6006,Jaggayyapeta APMC,16.8938,80.0971,363.09,10892.8
Anantapur,14.6819,77.6006,Mylavaram APMC,16.7626,80.642,399.36,11980.71
Anantapur,14.6819,77.6006,Bangarupalyam APMC,13.2123,78.95,218.88,6566.37
Anantapur,14.6819,77.6006,Chittoor APMC,13.2172,79.1003,229.6,6888.02
Anantapur,14.6819,77.6006,Puttur APMC,13.4416,79.5535,251.77,7553.2
Anantapur,14.6819,77.6006,Rampachodavaram APMC,17.4333,81.7833,541.58,16247.4
Anantapur,14.6819,77.6006,Proddatur APMC,14.75,78.55,102.39,3071.58
Anantapur,14.6819,77.6006,Jaggampeta APMC,17.1865,82.059,552.05,16561.36
Anantapur,14.6819,77.6006,Kakinada APMC,16.9891,82.2475,559.35,16780.6
Anantapur,14.6819,77.6006,Karapa APMC,16.9833,82.2333,557.71,16731.43
Anantapur,14.6819,77.6006,Peddapuram APMC,17.0833,82.1333,553.4,16602.06
Anantapur,14.6819,77.6006,Prattipadu APMC,16.3,80.4167,351.32,10539.51
Anantapur,14.6819,77.6006,Tuni APMC,17.35,82.55,606.44,18193.18
Anantapur,14.6819,77.6006,Divi APMC,16.45,81.15,428,12840.11
Anantapur,14.6819,77.6006,Nellore APMC,14.4426,79.9865,258.15,7744.53
Anantapur,14.6819,77.6006,Chintapalli APMC,17.8667,82.35,618.31,18549.43
Anantapur,14.6819,77.6006,Gopalavaram APMC,16.7333,81.6833,492.94,14788.18
Anantapur,14.6819,77.6006,Anantapur APMC,14.6819,77.6006,0,0
Anantapur,14.6819,77.6006,Valmikipuram APMC,13.9167,79.2167,193.81,5814.27
Anantapur,14.6819,77.6006,Kalikiri APMC,13.55,78.8,180.47,5414.09
Anantapur,14.6819,77.6006,Madanapalli APMC,13.5503,78.5029,159.06,4771.79
Anantapur,14.6819,77.6006,Mulakalacheruvu APMC,13.8,78.3833,129.35,3880.61
Anantapur,14.6819,77.6006,Punganur APMC,13.3667,78.5833,180.63,5418.77
Anantapur,14.6819,77.6006,Vayalapadu APMC,13.3667,78.7,188.29,5648.71
Anantapur,14.6819,77.6006,Pattikonda APMC,15.395,77.5086,79.91,2397.19
Anantapur,14.6819,77.6006,Duggirala APMC,16.3237,80.621,371.56,11146.79
Anantapur,14.6819,77.6006,Paderu APMC,18.0833,82.6667,659.56,19786.72
Anantapur,14.6819,77.6006,Ipur APMC,16.09,79.97,298.39,8951.78
Chittoor,13.2172,79.1003,Kurnool APMC,15.8281,78.0373,312.05,9361.49
Chittoor,13.2172,79.1003,Rapur APMC,14.2,79.5333,118.87,3566.16
Chittoor,13.2172,79.1003,Tirupati APMC,13.6288,79.4192,57.31,1719.28
Chittoor,13.2172,79.1003,Rajampet APMC,14.1933,79.1606,108.73,3261.98
Chittoor,13.2172,79.1003,Ambajipeta APMC,16.715,81.99,497.59,14927.69
Chittoor,13.2172,79.1003,Rajahmundry APMC,16.9891,81.784,508.8,15264
Chittoor,13.2172,79.1003,Ravulapalem APMC,16.7667,81.8333,491.85,14755.47
Chittoor,13.2172,79.1003,Thiruchanur APMC,13.6173,79.4105,55.72,1671.66
Chittoor,13.2172,79.1003,Vijayanagaram APMC,18.1067,83.3956,711.98,21359.54
Chittoor,13.2172,79.1003,Nandyal APMC,15.477,78.4836,259.91,7797.33
Chittoor,13.2172,79.1003,Palamaner APMC,13.1992,78.7476,38.23,1147
Chittoor,13.2172,79.1003,Tadikonda APMC,16.4128,80.4534,383.94,11518.34
Chittoor,13.2172,79.1003,Tiruvuru APMC,17.1,80.6333,462.02,13860.64
Chittoor,13.2172,79.1003,Adoni APMC,15.6279,77.2749,332.4,9972.05
Chittoor,13.2172,79.1003,Atmakur(SPS) APMC,14.6247,79.4126,160.1,4802.85
Chittoor,13.2172,79.1003,Dharmavaram APMC,14.4143,77.7126,200.42,6012.73
Chittoor,13.2172,79.1003,Tenakallu APMC,14.25,77.7333,187.06,5611.74
Chittoor,13.2172,79.1003,Cuddapah APMC,14.4673,78.8242,142.16,4264.95
Chittoor,13.2172,79.1003,Lakkireddipalli APMC,14.1283,78.7239,109.17,3275.02
Chittoor,13.2172,79.1003,Pulivendula APMC,14.4214,78.225,163.89,4916.84
Chittoor,13.2172,79.1003,Yemmiganur APMC,15.772,77.483,333.18,9995.48
Chittoor,13.2172,79.1003,Gudur APMC,14.1467,79.85,131.31,3939.35
Chittoor,13.2172,79.1003,Kadiri APMC,14.1116,78.1616,142.05,4261.42
Chittoor,13.2172,79.1003,Jaggayyapeta APMC,16.8938,80.0971,422.59,12677.79
Chittoor,13.2172,79.1003,Mylavaram APMC,16.7626,80.642,427.58,12827.55
Chittoor,13.2172,79.1003,Bangarupalyam APMC,13.2123,78.95,16.28,488.38
Chittoor,13.2172,79.1003,Chittoor APMC,13.2172,79.1003,0,0
Chittoor,13.2172,79.1003,Puttur APMC,13.4416,79.5535,55.02,1650.58
Chittoor,13.2172,79.1003,Rampachodavaram APMC,17.4333,81.7833,550.02,16500.6
Chittoor,13.2172,79.1003,Proddatur APMC,14.75,78.55,180.49,5414.57
Chittoor,13.2172,79.1003,Jaggampeta APMC,17.1865,82.059,543.64,16309.27
Chittoor,13.2172,79.1003,Kakinada APMC,16.9891,82.2475,538.53,16155.78
Chittoor,13.2172,79.1003,Karapa APMC,16.9833,82.2333,537.07,16112.14
Chittoor,13.2172,79.1003,Peddapuram APMC,17.0833,82.1333,539.19,16175.72
Chittoor,13.2172,79.1003,Prattipadu APMC,16.3,80.4167,370.86,11125.75
Chittoor,13.2172,79.1003,Tuni APMC,17.35,82.55,589.94,17698.07
Chittoor,13.2172,79.1003,Divi APMC,16.45,81.15,421.6,12647.93
Chittoor,13.2172,79.1003,Nellore APMC,14.4426,79.9865,166.5,4994.92
Chittoor,13.2172,79.1003,Chintapalli APMC,17.8667,82.35,623.22,18696.65
Chittoor,13.2172,79.1003,Gopalavaram APMC,16.7333,81.6833,479.39,14381.69
Chittoor,13.2172,79.1003,Anantapur APMC,14.6819,77.6006,229.6,6888.02
Chittoor,13.2172,79.1003,Valmikipuram APMC,13.9167,79.2167,78.79,2363.76
Chittoor,13.2172,79.1003,Kalikiri APMC,13.55,78.8,49.24,1477.23
Chittoor,13.2172,79.1003,Madanapalli APMC,13.5503,78.5029,74.49,2234.57
Chittoor,13.2172,79.1003,Mulakalacheruvu APMC,13.8,78.3833,101.04,3031.2
Chittoor,13.2172,79.1003,Punganur APMC,13.3667,78.5833,58.37,1750.96
Chittoor,13.2172,79.1003,Vayalapadu APMC,13.3667,78.7,46.4,1391.97
Chittoor,13.2172,79.1003,Pattikonda APMC,15.395,77.5086,296.73,8901.95
Chittoor,13.2172,79.1003,Duggirala APMC,16.3237,80.621,382.16,11464.8
Chittoor,13.2172,79.1003,Paderu APMC,18.0833,82.6667,662.18,19865.38
Chittoor,13.2172,79.1003,Ipur APMC,16.09,79.97,332.86,9985.71
YSR Kadapa,14.4673,78.8242,Kurnool APMC,15.8281,78.0373,173.29,5198.65
YSR Kadapa,14.4673,78.8242,Rapur APMC,14.2,79.5333,81.97,2459.16
YSR Kadapa,14.4673,78.8242,Tirupati APMC,13.6288,79.4192,113.19,3395.76
YSR Kadapa,14.4673,78.8242,Rajampet APMC,14.1933,79.1606,47.35,1420.41
YSR Kadapa,14.4673,78.8242,Ambajipeta APMC,16.715,81.99,421.2,12636.13
YSR Kadapa,14.4673,78.8242,Rajahmundry APMC,16.9891,81.784,423.04,12691.32
YSR Kadapa,14.4673,78.8242,Ravulapalem APMC,16.7667,81.8333,411.33,12340.01
YSR Kadapa,14.4673,78.8242,Thiruchanur APMC,13.6173,79.4105,113.72,3411.71
YSR Kadapa,14.4673,78.8242,Vijayanagaram APMC,18.1067,83.3956,633.81,19014.44
YSR Kadapa,14.4673,78.8242,Nandyal APMC,15.477,78.4836,118.08,3542.53
YSR Kadapa,14.4673,78.8242,Palamaner APMC,13.1992,78.7476,141.25,4237.46
YSR Kadapa,14.4673,78.8242,Tadikonda APMC,16.4128,80.4534,278.01,8340.17
YSR Kadapa,14.4673,78.8242,Tiruvuru APMC,17.1,80.6333,350.95,10528.35
YSR Kadapa,14.4673,78.8242,Adoni APMC,15.6279,77.2749,210.55,6316.51
YSR Kadapa,14.4673,78.8242,Atmakur(SPS) APMC,14.6247,79.4126,65.7,1971.12
YSR Kadapa,14.4673,78.8242,Dharmavaram APMC,14.4143,77.7126,119.84,3595.32
YSR Kadapa,14.4673,78.8242,Tenakallu APMC,14.25,77.7333,119.97,3599.15
YSR Kadapa,14.4673,78.8242,Cuddapah APMC,14.4673,78.8242,0,0
YSR Kadapa,14.4673,78.8242,Lakkireddipalli APMC,14.1283,78.7239,39.21,1176.41
YSR Kadapa,14.4673,78.8242,Pulivendula APMC,14.4214,78.225,64.72,1941.7
YSR Kadapa,14.4673,78.8242,Yemmiganur APMC,15.772,77.483,204.39,6131.6
YSR Kadapa,14.4673,78.8242,Gudur APMC,14.1467,79.85,116.13,3483.98
YSR Kadapa,14.4673,78.8242,Kadiri APMC,14.1116,78.1616,81.62,2448.64
YSR Kadapa,14.4673,78.8242,Jaggayyapeta APMC,16.8938,80.0971,302.27,9068.07
YSR Kadapa,14.4673,78.8242,Mylavaram APMC,16.7626,80.642,320.98,9629.49
YSR Kadapa,14.4673,78.8242,Bangarupalyam APMC,13.2123,78.95,140.21,4206.27
YSR Kadapa,14.4673,78.8242,Chittoor APMC,13.2172,79.1003,142.16,4264.95
YSR Kadapa,14.4673,78.8242,Puttur APMC,13.4416,79.5535,138.57,4157.1
YSR Kadapa,14.4673,78.8242,Rampachodavaram APMC,17.4333,81.7833,456.98,13709.4
YSR Kadapa,14.4673,78.8242,Proddatur APMC,14.75,78.55,43.11,1293.35
YSR Kadapa,14.4673,78.8242,Jaggampeta APMC,17.1865,82.059,459.51,13785.25
YSR Kadapa,14.4673,78.8242,Kakinada APMC,16.9891,82.2475,461.36,13840.72
YSR Kadapa,14.4673,78.8242,Karapa APMC,16.9833,82.2333,459.76,13792.9
YSR Kadapa,14.4673,78.8242,Peddapuram APMC,17.0833,82.1333,458.22,13746.72
YSR Kadapa,14.4673,78.8242,Prattipadu APMC,16.3,80.4167,265.85,7975.48
YSR Kadapa,14.4673,78.8242,Tuni APMC,17.35,82.55,511.31,15339.41
YSR Kadapa,14.4673,78.8242,Divi APMC,16.45,81.15,332.76,9982.76
YSR Kadapa,14.4673,78.8242,Nellore APMC,14.4426,79.9865,125.18,3755.42
YSR Kadapa,14.4673,78.8242,Chintapalli APMC,17.8667,82.35,533.49,16004.74
YSR Kadapa,14.4673,78.8242,Gopalavaram APMC,16.7333,81.6833,396.53,11895.79
YSR Kadapa,14.4673,78.8242,Anantapur APMC,14.6819,77.6006,133.82,4014.73
YSR Kadapa,14.4673,78.8242,Valmikipuram APMC,13.9167,79.2167,74.42,2232.66
YSR Kadapa,14.4673,78.8242,Kalikiri APMC,13.55,78.8,102.03,3060.98
YSR Kadapa,14.4673,78.8242,Madanapalli APMC,13.5503,78.5029,107.7,3230.9
YSR Kadapa,14.4673,78.8242,Mulakalacheruvu APMC,13.8,78.3833,88.12,2643.73
YSR Kadapa,14.4673,78.8242,Punganur APMC,13.3667,78.5833,125.11,3753.38
YSR Kadapa,14.4673,78.8242,Vayalapadu APMC,13.3667,78.7,123.11,3693.39
YSR Kadapa,14.4673,78.8242,Pattikonda APMC,15.395,77.5086,174.99,5249.57
YSR Kadapa,14.4673,78.8242,Duggirala APMC,16.3237,80.621,282.33,8469.92
YSR Kadapa,14.4673,78.8242,Paderu APMC,18.0833,82.6667,574.29,17228.79
YSR Kadapa,14.4673,78.8242,Ipur APMC,16.09,79.97,218.31,6549.44
Kurnool,15.8281,78.0373,Kurnool APMC,15.8281,78.0373,0,0
Kurnool,15.8281,78.0373,Rapur APMC,14.2,79.5333,242.05,7261.39
Kurnool,15.8281,78.0373,Tirupati APMC,13.6288,79.4192,286.16,8584.78
Kurnool,15.8281,78.0373,Rajampet APMC,14.1933,79.1606,218.17,6545.09
Kurnool,15.8281,78.0373,Ambajipeta APMC,16.715,81.99,433.28,12998.27
Kurnool,15.8281,78.0373,Rajahmundry APMC,16.9891,81.784,419.97,12598.99
Kurnool,15.8281,78.0373,Ravulapalem APMC,16.7667,81.8333,418.35,12550.54
Kurnool,15.8281,78.0373,Thiruchanur APMC,13.6173,79.4105,286.77,8603.16
Kurnool,15.8281,78.0373,Vijayanagaram APMC,18.1067,83.3956,623.61,18708.18
Kurnool,15.8281,78.0373,Nandyal APMC,15.477,78.4836,61.71,1851.18
Kurnool,15.8281,78.0373,Palamaner APMC,13.1992,78.7476,302.15,9064.58
Kurnool,15.8281,78.0373,Tadikonda APMC,16.4128,80.4534,266.15,7984.64
Kurnool,15.8281,78.0373,Tiruvuru APMC,17.1,80.6333,310.85,9325.6
Kurnool,15.8281,78.0373,Adoni APMC,15.6279,77.2749,84.58,2537.49
Kurnool,15.8281,78.0373,Atmakur(SPS) APMC,14.6247,79.4126,199.19,5975.8
Kurnool,15.8281,78.0373,Dharmavaram APMC,14.4143,77.7126,161.02,4830.74
Kurnool,15.8281,78.0373,Tenakallu APMC,14.25,77.7333,178.49,5354.62
Kurnool,15.8281,78.0373,Cuddapah APMC,14.4673,78.8242,173.29,5198.65
Kurnool,15.8281,78.0373,Lakkireddipalli APMC,14.1283,78.7239,202.89,6086.63
Kurnool,15.8281,78.0373,Pulivendula APMC,14.4214,78.225,157.71,4731.3
Kurnool,15.8281,78.0373,Yemmiganur APMC,15.772,77.483,59.63,1789.01
Kurnool,15.8281,78.0373,Gudur APMC,14.1467,79.85,269.93,8097.9
Kurnool,15.8281,78.0373,Kadiri APMC,14.1116,78.1616,191.33,5739.98
Kurnool,15.8281,78.0373,Jaggayyapeta APMC,16.8938,80.0971,249.67,7490.19
Kurnool,15.8281,78.0373,Mylavaram APMC,16.7626,80.642,296.77,8903.25
Kurnool,15.8281,78.0373,Bangarupalyam APMC,13.2123,78.95,307,9210.14
Kurnool,15.8281,78.0373,Chittoor APMC,13.2172,79.1003,312.05,9361.49
Kurnool,15.8281,78.0373,Puttur APMC,13.4416,79.5535,311.49,9344.61
Kurnool,15.8281,78.0373,Rampachodavaram APMC,17.4333,81.7833,437.19,13115.57
Kurnool,15.8281,78.0373,Proddatur APMC,14.75,78.55,131.89,3956.71
Kurnool,15.8281,78.0373,Jaggampeta APMC,17.1865,82.059,454.57,13637.11
Kurnool,15.8281,78.0373,Kakinada APMC,16.9891,82.2475,467.26,14017.68
Kurnool,15.8281,78.0373,Karapa APMC,16.9833,82.2333,465.63,13968.86
Kurnool,15.8281,78.0373,Peddapuram APMC,17.0833,82.1333,458.54,13756.14
Kurnool,15.8281,78.0373,Prattipadu APMC,16.3,80.4167,259.6,7788.07
Kurnool,15.8281,78.0373,Tuni APMC,17.35,82.55,509.78,15293.5
Kurnool,15.8281,78.0373,Divi APMC,16.45,81.15,339.59,10187.59
Kurnool,15.8281,78.0373,Nellore APMC,14.4426,79.9865,259.82,7794.57
Kurnool,15.8281,78.0373,Chintapalli APMC,17.8667,82.35,511.86,15355.77
Kurnool,15.8281,78.0373,Gopalavaram APMC,16.7333,81.6833,401.96,12058.66
Kurnool,15.8281,78.0373,Anantapur APMC,14.6819,77.6006,135.79,4073.66
Kurnool,15.8281,78.0373,Valmikipuram APMC,13.9167,79.2167,247.46,7423.78
Kurnool,15.8281,78.0373,Kalikiri APMC,13.55,78.8,266.26,7987.92
Kurnool,15.8281,78.0373,Madanapalli APMC,13.5503,78.5029,258.18,7745.48
Kurnool,15.8281,78.0373,Mulakalacheruvu APMC,13.8,78.3833,228.56,6856.82
Kurnool,15.8281,78.0373,Punganur APMC,13.3667,78.5833,279.93,8397.87
Kurnool,15.8281,78.0373,Vayalapadu APMC,13.3667,78.7,282.83,8484.92
Kurnool,15.8281,78.0373,Pattikonda APMC,15.395,77.5086,74.33,2229.92
Kurnool,15.8281,78.0373,Duggirala APMC,16.3237,80.621,281.5,8445.11
Kurnool,15.8281,78.0373,Paderu APMC,18.0833,82.6667,552.52,16575.64
Kurnool,15.8281,78.0373,Ipur APMC,16.09,79.97,208.66,6259.94
Nandyal,15.477,78.4836,Kurnool APMC,15.8281,78.0373,61.71,1851.18
Nandyal,15.477,78.4836,Rapur APMC,14.2,79.5333,181.36,5440.89
Nandyal,15.477,78.4836,Tirupati APMC,13.6288,79.4192,228.85,6865.56
Nandyal,15.477,78.4836,Rajampet APMC,14.1933,79.1606,160.22,4806.57
Nandyal,15.477,78.4836,Ambajipeta APMC,16.715,81.99,399.09,11972.67
Nandyal,15.477,78.4836,Rajahmundry APMC,16.9891,81.784,390.4,11712.07
Nandyal,15.477,78.4836,Ravulapalem APMC,16.7667,81.8333,385.48,11564.31
Nandyal,15.477,78.4836,Thiruchanur APMC,13.6173,79.4105,229.59,6887.81
Nandyal,15.477,78.4836,Vijayanagaram APMC,18.1067,83.3956,599.04,17971.3
Nandyal,15.477,78.4836,Nandyal APMC,15.477,78.4836,0,0
Nandyal,15.477,78.4836,Palamaner APMC,13.1992,78.7476,254.87,7646.14
Nandyal,15.477,78.4836,Tadikonda APMC,16.4128,80.4534,234.91,7047.16
Nandyal,15.477,78.4836,Tiruvuru APMC,17.1,80.6333,291.9,8757.1
Nandyal,15.477,78.4836,Adoni APMC,15.6279,77.2749,130.56,3916.88
Nandyal,15.477,78.4836,Atmakur(SPS) APMC,14.6247,79.4126,137.6,4127.89
Nandyal,15.477,78.4836,Dharmavaram APMC,14.4143,77.7126,144.31,4329.17
Nandyal,15.477,78.4836,Tenakallu APMC,14.25,77.7333,158.48,4754.5
Nandyal,15.477,78.4836,Cuddapah APMC,14.4673,78.8242,118.08,3542.53
Nandyal,15.477,78.4836,Lakkireddipalli APMC,14.1283,78.7239,152.18,4565.32
Nandyal,15.477,78.4836,Pulivendula APMC,14.4214,78.225,120.62,3618.61
Nandyal,15.477,78.4836,Yemmiganur APMC,15.772,77.483,112.06,3361.76
Nandyal,15.477,78.4836,Gudur APMC,14.1467,79.85,208.46,6253.83
Nandyal,15.477,78.4836,Kadiri APMC,14.1116,78.1616,155.72,4671.66
Nandyal,15.477,78.4836,Jaggayyapeta APMC,16.8938,80.0971,233.46,7003.9
Nandyal,15.477,78.4836,Mylavaram APMC,16.7626,80.642,271.28,8138.42
Nandyal,15.477,78.4836,Bangarupalyam APMC,13.2123,78.95,256.79,7703.58
Nandyal,15.477,78.4836,Chittoor APMC,13.2172,79.1003,259.91,7797.33
Nandyal,15.477,78.4836,Puttur APMC,13.4416,79.5535,253.95,7618.62
Nandyal,15.477,78.4836,Rampachodavaram APMC,17.4333,81.7833,413.67,12410.09
Nandyal,15.477,78.4836,Proddatur APMC,14.75,78.55,81.15,2434.57
Nandyal,15.477,78.4836,Jaggampeta APMC,17.1865,82.059,426.24,12787.07
Nandyal,15.477,78.4836,Kakinada APMC,16.9891,82.2475,435.58,13067.41
Nandyal,15.477,78.4836,Karapa APMC,16.9833,82.2333,433.94,13018.16
Nandyal,15.477,78.4836,Peddapuram APMC,17.0833,82.1333,428.53,12855.95
Nandyal,15.477,78.4836,Prattipadu APMC,16.3,80.4167,226.09,6782.55
Nandyal,15.477,78.4836,Tuni APMC,17.35,82.55,481.12,14433.56
Nandyal,15.477,78.4836,Divi APMC,16.45,81.15,304.89,9146.77
Nandyal,15.477,78.4836,Nellore APMC,14.4426,79.9865,198.23,5946.89
Nandyal,15.477,78.4836,Chintapalli APMC,17.8667,82.35,490.1,14702.87
Nandyal,15.477,78.4836,Gopalavaram APMC,16.7333,81.6833,369.26,11077.76
Nandyal,15.477,78.4836,Anantapur APMC,14.6819,77.6006,129.63,3888.93
Nandyal,15.477,78.4836,Valmikipuram APMC,13.9167,79.2167,190.57,5717.2
Nandyal,15.477,78.4836,Kalikiri APMC,13.55,78.8,216.96,6508.87
Nandyal,15.477,78.4836,Madanapalli APMC,13.5503,78.5029,214.25,6427.48
Nandyal,15.477,78.4836,Mulakalacheruvu APMC,13.8,78.3833,186.79,5603.57
Nandyal,15.477,78.4836,Punganur APMC,13.3667,78.5833,234.9,7047
Nandyal,15.477,78.4836,Vayalapadu APMC,13.3667,78.7,235.81,7074.27
Nandyal,15.477,78.4836,Pattikonda APMC,15.395,77.5086,104.9,3147.04
Nandyal,15.477,78.4836,Duggirala APMC,16.3237,80.621,247.2,7416.06
Nandyal,15.477,78.4836,Paderu APMC,18.0833,82.6667,531.28,15938.43
Nandyal,15.477,78.4836,Ipur APMC,16.09,79.97,173.04,5191.14
Guntur,16.3067,80.4365,Kurnool APMC,15.8281,78.0373,261.82,7854.63
Guntur,16.3067,80.4365,Rapur APMC,14.2,79.5333,253.5,7604.99
Guntur,16.3067,80.4365,Tirupati APMC,13.6288,79.4192,317.18,9515.53
Guntur,16.3067,80.4365,Rajampet APMC,14.1933,79.1606,271.95,8158.54
Guntur,16.3067,80.4365,Ambajipeta APMC,16.715,81.99,171.73,5151.83
Guntur,16.3067,80.4365,Rajahmundry APMC,16.9891,81.784,162.37,4871.21
Guntur,16.3067,80.4365,Ravulapalem APMC,16.7667,81.8333,157.43,4722.99
Guntur,16.3067,80.4365,Thiruchanur APMC,13.6173,79.4105,318.71,9561.24
Guntur,16.3067,80.4365,Vijayanagaram APMC,18.1067,83.3956,372.61,11178.33
Guntur,16.3067,80.4365,Nandyal APMC,15.477,78.4836,228.32,6849.6
Guntur,16.3067,80.4365,Palamaner APMC,13.1992,78.7476,390.34,11710.28
Guntur,16.3067,80.4365,Tadikonda APMC,16.4128,80.4534,11.93,358.04
Guntur,16.3067,80.4365,Tiruvuru APMC,17.1,80.6333,90.67,2720
Guntur,16.3067,80.4365,Adoni APMC,15.6279,77.2749,346.31,10389.31
Guntur,16.3067,80.4365,Atmakur(SPS) APMC,14.6247,79.4126,216.84,6505.21
Guntur,16.3067,80.4365,Dharmavaram APMC,14.4143,77.7126,359.96,10798.74
Guntur,16.3067,80.4365,Tenakallu APMC,14.25,77.7333,369.28,11078.29
Guntur,16.3067,80.4365,Cuddapah APMC,14.4673,78.8242,267.78,8033.52
Guntur,16.3067,80.4365,Lakkireddipalli APMC,14.1283,78.7239,304.03,9120.93
Guntur,16.3067,80.4365,Pulivendula APMC,14.4214,78.225,316.49,9494.7
Guntur,16.3067,80.4365,Yemmiganur APMC,15.772,77.483,321.18,9635.31
Guntur,16.3067,80.4365,Gudur APMC,14.1467,79.85,248.29,7448.59
Guntur,16.3067,80.4365,Kadiri APMC,14.1116,78.1616,345.18,10355.48
Guntur,16.3067,80.4365,Jaggayyapeta APMC,16.8938,80.0971,74.63,2238.94
Guntur,16.3067,80.4365,Mylavaram APMC,16.7626,80.642,55.22,1656.73
Guntur,16.3067,80.4365,Bangarupalyam APMC,13.2123,78.95,379.38,11381.53
Guntur,16.3067,80.4365,Chittoor APMC,13.2172,79.1003,372.36,11170.87
Guntur,16.3067,80.4365,Puttur APMC,13.4416,79.5535,332.41,9972.41
Guntur,16.3067,80.4365,Rampachodavaram APMC,17.4333,81.7833,190.34,5710.31
Guntur,16.3067,80.4365,Proddatur APMC,14.75,78.55,266.1,7982.97
Guntur,16.3067,80.4365,Jaggampeta APMC,17.1865,82.059,198.54,5956.07
Guntur,16.3067,80.4365,Kakinada APMC,16.9891,82.2475,207.32,6219.49
Guntur,16.3067,80.4365,Karapa APMC,16.9833,82.2333,205.68,6170.26
Guntur,16.3067,80.4365,Peddapuram APMC,17.0833,82.1333,200.29,6008.75
Guntur,16.3067,80.4365,Prattipadu APMC,16.3,80.4167,2.24,67.22
Guntur,16.3067,80.4365,Tuni APMC,17.35,82.55,253.09,7592.84
Guntur,16.3067,80.4365,Divi APMC,16.45,81.15,77.77,2333.04
Guntur,16.3067,80.4365,Nellore APMC,14.4426,79.9865,212.82,6384.57
Guntur,16.3067,80.4365,Chintapalli APMC,17.8667,82.35,267.3,8019.02
Guntur,16.3067,80.4365,Gopalavaram APMC,16.7333,81.6833,141.13,4233.76
Guntur,16.3067,80.4365,Anantapur APMC,14.6819,77.6006,353.52,10605.5
Guntur,16.3067,80.4365,Valmikipuram APMC,13.9167,79.2167,296.26,8887.79
Guntur,16.3067,80.4365,Kalikiri APMC,13.55,78.8,353.37,10601.07
Guntur,16.3067,80.4365,Madanapalli APMC,13.5503,78.5029,370.26,11107.72
Guntur,16.3067,80.4365,Mulakalacheruvu APMC,13.8,78.3833,355.37,10661.17
Guntur,16.3067,80.4365,Punganur APMC,13.3667,78.5833,382.81,11484.18
Guntur,16.3067,80.4365,Vayalapadu APMC,13.3667,78.7,376.43,11292.99
Guntur,16.3067,80.4365,Pattikonda APMC,15.395,77.5086,329.18,9875.42
Guntur,16.3067,80.4365,Duggirala APMC,16.3237,80.621,19.78,593.4
Guntur,16.3067,80.4365,Paderu APMC,18.0833,82.6667,308.45,9253.54
Guntur,16.3067,80.4365,Ipur APMC,16.09,79.97,55.34,1660.05
Bapatla,15.9042,80.4676,Kurnool APMC,15.8281,78.0373,260.08,7802.34
Bapatla,15.9042,80.4676,Rapur APMC,14.2,79.5333,214.42,6432.45
Bapatla,15.9042,80.4676,Tirupati APMC,13.6288,79.4192,276.99,8309.55
Bapatla,15.9042,80.4676,Rajampet APMC,14.1933,79.1606,236.41,7092.2
Bapatla,15.9042,80.4676,Ambajipeta APMC,16.715,81.99,185.81,5574.22
Bapatla,15.9042,80.4676,Rajahmundry APMC,16.9891,81.784,185.1,5552.9
Bapatla,15.9042,80.4676,Ravulapalem APMC,16.7667,81.8333,174.45,5233.61
Bapatla,15.9042,80.4676,Thiruchanur APMC,13.6173,79.4105,278.54,8356.06
Bapatla,15.9042,80.4676,Vijayanagaram APMC,18.1067,83.3956,396.1,11883.07
Bapatla,15.9042,80.4676,Nandyal APMC,15.477,78.4836,217.64,6529.08
Bapatla,15.9042,80.4676,Palamaner APMC,13.1992,78.7476,353.17,10595.21
Bapatla,15.9042,80.4676,Tadikonda APMC,16.4128,80.4534,56.57,1697.22
Bapatla,15.9042,80.4676,Tiruvuru APMC,17.1,80.6333,134.14,4024.06
Bapatla,15.9042,80.4676,Adoni APMC,15.6279,77.2749,343.03,10290.93
Bapatla,15.9042,80.4676,Atmakur(SPS) APMC,14.6247,79.4126,181.79,5453.82
Bapatla,15.9042,80.4676,Dharmavaram APMC,14.4143,77.7126,338.92,10167.61
Bapatla,15.9042,80.4676,Tenakallu APMC,14.25,77.7333,346.43,10392.77
Bapatla,15.9042,80.4676,Cuddapah APMC,14.4673,78.8242,237.97,7138.99
Bapatla,15.9042,80.4676,Lakkireddipalli APMC,14.1283,78.7239,272.14,8164.25
Bapatla,15.9042,80.4676,Pulivendula APMC,14.4214,78.225,291.74,8752.08
Bapatla,15.9042,80.4676,Yemmiganur APMC,15.772,77.483,319.61,9588.27
Bapatla,15.9042,80.4676,Gudur APMC,14.1467,79.85,206.37,6191.18
Bapatla,15.9042,80.4676,Kadiri APMC,14.1116,78.1616,317.91,9537.22
Bapatla,15.9042,80.4676,Jaggayyapeta APMC,16.8938,80.0971,116.92,3507.61
Bapatla,15.9042,80.4676,Mylavaram APMC,16.7626,80.642,97.25,2917.41
Bapatla,15.9042,80.4676,Bangarupalyam APMC,13.2123,78.95,340.98,10229.38
Bapatla,15.9042,80.4676,Chittoor APMC,13.2172,79.1003,333.05,9991.37
Bapatla,15.9042,80.4676,Puttur APMC,13.4416,79.5535,290.94,8728.34
Bapatla,15.9042,80.4676,Rampachodavaram APMC,17.4333,81.7833,220.34,6610.25
Bapatla,15.9042,80.4676,Proddatur APMC,14.75,78.55,242.4,7272.06
Bapatla,15.9042,80.4676,Jaggampeta APMC,17.1865,82.059,221.59,6647.74
Bapatla,15.9042,80.4676,Kakinada APMC,16.9891,82.2475,224.9,6747.14
Bapatla,15.9042,80.4676,Karapa APMC,16.9833,82.2333,223.28,6698.5
Bapatla,15.9042,80.4676,Peddapuram APMC,17.0833,82.1333,220.75,6622.36
Bapatla,15.9042,80.4676,Prattipadu APMC,16.3,80.4167,44.35,1330.37
Bapatla,15.9042,80.4676,Tuni APMC,17.35,82.55,273.99,8219.58
Bapatla,15.9042,80.4676,Divi APMC,16.45,81.15,94.84,2845.1
Bapatla,15.9042,80.4676,Nellore APMC,14.4426,79.9865,170.53,5115.78
Bapatla,15.9042,80.4676,Chintapalli APMC,17.8667,82.35,296.19,8885.8
Bapatla,15.9042,80.4676,Gopalavaram APMC,16.7333,81.6833,159.15,4774.6
Bapatla,15.9042,80.4676,Anantapur APMC,14.6819,77.6006,336.2,10085.86
Bapatla,15.9042,80.4676,Valmikipuram APMC,13.9167,79.2167,258.66,7759.79
Bapatla,15.9042,80.4676,Kalikiri APMC,13.55,78.8,317.3,9519.14
Bapatla,15.9042,80.4676,Madanapalli APMC,13.5503,78.5029,336.37,10091.03
Bapatla,15.9042,80.4676,Mulakalacheruvu APMC,13.8,78.3833,323.92,9717.54
Bapatla,15.9042,80.4676,Punganur APMC,13.3667,78.5833,347.42,10422.67
Bapatla,15.9042,80.4676,Vayalapadu APMC,13.3667,78.7,340.25,10207.51
Bapatla,15.9042,80.4676,Pattikonda APMC,15.395,77.5086,321.84,9655.33
Bapatla,15.9042,80.4676,Duggirala APMC,16.3237,80.621,49.44,1483.23
Bapatla,15.9042,80.4676,Paderu APMC,18.0833,82.6667,336.73,10102
Bapatla,15.9042,80.4676,Ipur APMC,16.09,79.97,57.06,1711.79
Palnadu,16.223,79.7549,Kurnool APMC,15.8281,78.0373,188.74,5662.33
Palnadu,16.223,79.7549,Rapur APMC,14.2,79.5333,226.2,6786.01
Palnadu,16.223,79.7549,Tirupati APMC,13.6288,79.4192,290.71,8721.23
Palnadu,16.223,79.7549,Rajampet APMC,14.1933,79.1606,234.53,7035.81
Palnadu,16.223,79.7549,Ambajipeta APMC,16.715,81.99,244.53,7335.95
Palnadu,16.223,79.7549,Rajahmundry APMC,16.9891,81.784,232.39,6971.66
Palnadu,16.223,79.7549,Ravulapalem APMC,16.7667,81.8333,229.69,6890.8
Palnadu,16.223,79.7549,Thiruchanur APMC,13.6173,79.4105,292.09,8762.81
Palnadu,16.223,79.7549,Vijayanagaram APMC,18.1067,83.3956,439.84,13195.3
Palnadu,16.223,79.7549,Nandyal APMC,15.477,78.4836,159.29,4778.69
Palnadu,16.223,79.7549,Palamaner APMC,13.1992,78.7476,353.25,10597.46
Palnadu,16.223,79.7549,Tadikonda APMC,16.4128,80.4534,77.47,2324.13
Palnadu,16.223,79.7549,Tiruvuru APMC,17.1,80.6333,135.15,4054.49
Palnadu,16.223,79.7549,Adoni APMC,15.6279,77.2749,273.31,8199.24
Palnadu,16.223,79.7549,Atmakur(SPS) APMC,14.6247,79.4126,181.47,5444.12
Palnadu,16.223,79.7549,Dharmavaram APMC,14.4143,77.7126,297.35,8920.41
Palnadu,16.223,79.7549,Tenakallu APMC,14.25,77.7333,308.49,9254.71
Palnadu,16.223,79.7549,Cuddapah APMC,14.4673,78.8242,219.25,6577.58
Palnadu,16.223,79.7549,Lakkireddipalli APMC,14.1283,78.7239,257.86,7735.82
Palnadu,16.223,79.7549,Pulivendula APMC,14.4214,78.225,258.94,7768.08
Palnadu,16.223,79.7549,Yemmiganur APMC,15.772,77.483,247.96,7438.88
Palnadu,16.223,79.7549,Gudur APMC,14.1467,79.85,231.1,6932.98
Palnadu,16.223,79.7549,Kadiri APMC,14.1116,78.1616,290.44,8713.21
Palnadu,16.223,79.7549,Jaggayyapeta APMC,16.8938,80.0971,83.03,2490.88
Palnadu,16.223,79.7549,Mylavaram APMC,16.7626,80.642,112.01,3360.25
Palnadu,16.223,79.7549,Bangarupalyam APMC,13.2123,78.95,345.78,10373.46
Palnadu,16.223,79.7549,Chittoor APMC,13.2172,79.1003,341.56,10246.84
Palnadu,16.223,79.7549,Puttur APMC,13.4416,79.5535,310.03,9301.02
Palnadu,16.223,79.7549,Rampachodavaram APMC,17.4333,81.7833,254.4,7631.87
Palnadu,16.223,79.7549,Proddatur APMC,14.75,78.55,208.56,6256.75
Palnadu,16.223,79.7549,Jaggampeta APMC,17.1865,82.059,267.76,8032.66
Palnadu,16.223,79.7549,Kakinada APMC,16.9891,82.2475,278.93,8367.81
Palnadu,16.223,79.7549,Karapa APMC,16.9833,82.2333,277.29,8318.8
Palnadu,16.223,79.7549,Peddapuram APMC,17.0833,82.1333,270.83,8124.79
Palnadu,16.223,79.7549,Prattipadu APMC,16.3,80.4167,71.16,2134.85
Palnadu,16.223,79.7549,Tuni APMC,17.35,82.55,322.86,9685.83
Palnadu,16.223,79.7549,Divi APMC,16.45,81.15,150.99,4529.68
Palnadu,16.223,79.7549,Nellore APMC,14.4426,79.9865,199.52,5985.69
Palnadu,16.223,79.7549,Chintapalli APMC,17.8667,82.35,330.92,9927.74
Palnadu,16.223,79.7549,Gopalavaram APMC,16.7333,81.6833,213.31,6399.16
Palnadu,16.223,79.7549,Anantapur APMC,14.6819,77.6006,287.52,8625.72
Palnadu,16.223,79.7549,Valmikipuram APMC,13.9167,79.2167,262.88,7886.34
Palnadu,16.223,79.7549,Kalikiri APMC,13.55,78.8,314.44,9433.08
Palnadu,16.223,79.7549,Madanapalli APMC,13.5503,78.5029,326.22,9786.63
Palnadu,16.223,79.7549,Mulakalacheruvu APMC,13.8,78.3833,307.06,9211.82
Palnadu,16.223,79.7549,Punganur APMC,13.3667,78.5833,341.66,10249.94
Palnadu,16.223,79.7549,Vayalapadu APMC,13.3667,78.7,337.24,10117.27
Palnadu,16.223,79.7549,Pattikonda APMC,15.395,77.5086,257.36,7720.74
Palnadu,16.223,79.7549,Duggirala APMC,16.3237,80.621,93.12,2793.69
Palnadu,16.223,79.7549,Paderu APMC,18.0833,82.6667,372.14,11164.28
Palnadu,16.223,79.7549,Ipur APMC,16.09,79.97,27.32,819.66
Krishna,16.5151,80.63,Kurnool APMC,15.8281,78.0373,287.23,8616.86
Krishna,16.5151,80.63,Rapur APMC,14.2,79.5333,283.01,8490.3
Krishna,16.5151,80.63,Tirupati APMC,13.6288,79.4192,346.27,10387.98
Krishna,16.5151,80.63,Rajampet APMC,14.1933,79.1606,302.45,9073.36
Krishna,16.5151,80.63,Ambajipeta APMC,16.715,81.99,146.61,4398.17
Krishna,16.5151,80.63,Rajahmundry APMC,16.9891,81.784,133.7,4010.99
Krishna,16.5151,80.63,Ravulapalem APMC,16.7667,81.8333,131.21,3936.42
Krishna,16.5151,80.63,Thiruchanur APMC,13.6173,79.4105,347.8,10434.1
Krishna,16.5151,80.63,Vijayanagaram APMC,18.1067,83.3956,342.79,10283.85
Krishna,16.5151,80.63,Nandyal APMC,15.477,78.4836,256.83,7704.76
Krishna,16.5151,80.63,Palamaner APMC,13.1992,78.7476,420.55,12616.61
Krishna,16.5151,80.63,Tadikonda APMC,16.4128,80.4534,22,660.02
Krishna,16.5151,80.63,Tiruvuru APMC,17.1,80.6333,65.04,1951.17
Krishna,16.5151,80.63,Adoni APMC,15.6279,77.2749,371.81,11154.23
Krishna,16.5151,80.63,Atmakur(SPS) APMC,14.6247,79.4126,247.36,7420.85
Krishna,16.5151,80.63,Dharmavaram APMC,14.4143,77.7126,390.26,11707.94
Krishna,16.5151,80.63,Tenakallu APMC,14.25,77.7333,399.83,11995.04
Krishna,16.5151,80.63,Cuddapah APMC,14.4673,78.8242,298.81,8964.29
Krishna,16.5151,80.63,Lakkireddipalli APMC,14.1283,78.7239,334.99,10049.56
Krishna,16.5151,80.63,Pulivendula APMC,14.4214,78.225,347.3,10419.06
Krishna,16.5151,80.63,Yemmiganur APMC,15.772,77.483,346.13,10383.99
Krishna,16.5151,80.63,Gudur APMC,14.1467,79.85,276.32,8289.49
Krishna,16.5151,80.63,Kadiri APMC,14.1116,78.1616,376.16,11284.71
Krishna,16.5151,80.63,Jaggayyapeta APMC,16.8938,80.0971,70.67,2120.12
Krishna,16.5151,80.63,Mylavaram APMC,16.7626,80.642,27.55,826.51
Krishna,16.5151,80.63,Bangarupalyam APMC,13.2123,78.95,409.23,12276.77
Krishna,16.5151,80.63,Chittoor APMC,13.2172,79.1003,401.86,12055.92
Krishna,16.5151,80.63,Puttur APMC,13.4416,79.5535,360.78,10823.54
Krishna,16.5151,80.63,Rampachodavaram APMC,17.4333,81.7833,159.59,4787.6
Krishna,16.5151,80.63,Proddatur APMC,14.75,78.55,296.86,8905.78
Krishna,16.5151,80.63,Jaggampeta APMC,17.1865,82.059,169.41,5082.31
Krishna,16.5151,80.63,Kakinada APMC,16.9891,82.2475,180.11,5403.25
Krishna,16.5151,80.63,Karapa APMC,16.9833,82.2333,178.48,5354.29
Krishna,16.5151,80.63,Peddapuram APMC,17.0833,82.1333,172.05,5161.36
Krishna,16.5151,80.63,Prattipadu APMC,16.3,80.4167,33.01,990.33
Krishna,16.5151,80.63,Tuni APMC,17.35,82.55,224.35,6730.36
Krishna,16.5151,80.63,Divi APMC,16.45,81.15,55.92,1677.47
Krishna,16.5151,80.63,Nellore APMC,14.4426,79.9865,240.55,7216.39
Krishna,16.5151,80.63,Chintapalli APMC,17.8667,82.35,236.58,7097.3
Krishna,16.5151,80.63,Gopalavaram APMC,16.7333,81.6833,114.82,3444.56
Krishna,16.5151,80.63,Anantapur APMC,14.6819,77.6006,383.15,11494.55
Krishna,16.5151,80.63,Valmikipuram APMC,13.9167,79.2167,326.3,9788.95
Krishna,16.5151,80.63,Kalikiri APMC,13.55,78.8,383.82,11514.51
Krishna,16.5151,80.63,Madanapalli APMC,13.5503,78.5029,401.06,12031.75
Krishna,16.5151,80.63,Mulakalacheruvu APMC,13.8,78.3833,386.36,11590.91
Krishna,16.5151,80.63,Punganur APMC,13.3667,78.5833,413.4,12401.88
Krishna,16.5151,80.63,Vayalapadu APMC,13.3667,78.7,406.87,12206.03
Krishna,16.5151,80.63,Pattikonda APMC,15.395,77.5086,356.19,10685.67
Krishna,16.5151,80.63,Duggirala APMC,16.3237,80.621,21.3,639.13
Krishna,16.5151,80.63,Paderu APMC,18.0833,82.6667,277.77,8333.12
Krishna,16.5151,80.63,Ipur APMC,16.09,79.97,84.83,2544.85
NTR,16.5062,80.648,Kurnool APMC,15.8281,78.0373,288.83,8664.85
NTR,16.5062,80.648,Rapur APMC,14.2,79.5333,282.92,8487.63
NTR,16.5062,80.648,Tirupati APMC,13.6288,79.4192,346.08,10382.46
NTR,16.5062,80.648,Rajampet APMC,14.1933,79.1606,302.62,9078.47
NTR,16.5062,80.648,Ambajipeta APMC,16.715,81.99,144.87,4346.06
NTR,16.5062,80.648,Rajahmundry APMC,16.9891,81.784,132.34,3970.25
NTR,16.5062,80.648,Ravulapalem APMC,16.7667,81.8333,129.56,3886.85
NTR,16.5062,80.648,Thiruchanur APMC,13.6173,79.4105,347.62,10428.66
NTR,16.5062,80.648,Vijayanagaram APMC,18.1067,83.3956,341.68,10250.41
NTR,16.5062,80.648,Nandyal APMC,15.477,78.4836,258.11,7743.29
NTR,16.5062,80.648,Palamaner APMC,13.1992,78.7476,420.62,12618.73
NTR,16.5062,80.648,Tadikonda APMC,16.4128,80.4534,23.21,696.17
NTR,16.5062,80.648,Tiruvuru APMC,17.1,80.6333,66.05,1981.38
NTR,16.5062,80.648,Adoni APMC,15.6279,77.2749,373.41,11202.3
NTR,16.5062,80.648,Atmakur(SPS) APMC,14.6247,79.4126,247.55,7426.44
NTR,16.5062,80.648,Dharmavaram APMC,14.4143,77.7126,391.23,11736.83
NTR,16.5062,80.648,Tenakallu APMC,14.25,77.7333,400.72,12021.6
NTR,16.5062,80.648,Cuddapah APMC,14.4673,78.8242,299.31,8979.44
NTR,16.5062,80.648,Lakkireddipalli APMC,14.1283,78.7239,335.39,10061.66
NTR,16.5062,80.648,Pulivendula APMC,14.4214,78.225,348.08,10442.4
NTR,16.5062,80.648,Yemmiganur APMC,15.772,77.483,347.77,10433.22
NTR,16.5062,80.648,Gudur APMC,14.1467,79.85,275.97,8278.99
NTR,16.5062,80.648,Kadiri APMC,14.1116,78.1616,376.82,11304.66
NTR,16.5062,80.648,Jaggayyapeta APMC,16.8938,80.0971,72.8,2184.06
NTR,16.5062,80.648,Mylavaram APMC,16.7626,80.642,28.52,855.53
NTR,16.5062,80.648,Bangarupalyam APMC,13.2123,78.95,409.2,12275.95
NTR,16.5062,80.648,Chittoor APMC,13.2172,79.1003,401.76,12052.78
NTR,16.5062,80.648,Puttur APMC,13.4416,79.5535,360.47,10814.22
NTR,16.5062,80.648,Rampachodavaram APMC,17.4333,81.7833,158.76,4762.89
NTR,16.5062,80.648,Proddatur APMC,14.75,78.55,297.66,8929.85
NTR,16.5062,80.648,Jaggampeta APMC,17.1865,82.059,168.14,5044.17
NTR,16.5062,80.648,Kakinada APMC,16.9891,82.2475,178.58,5357.26
NTR,16.5062,80.648,Karapa APMC,16.9833,82.2333,176.94,5308.26
NTR,16.5062,80.648,Peddapuram APMC,17.0833,82.1333,170.64,5119.13
NTR,16.5062,80.648,Prattipadu APMC,16.3,80.4167,33.68,1010.45
NTR,16.5062,80.648,Tuni APMC,17.35,82.55,223.02,6690.68
NTR,16.5062,80.648,Divi APMC,16.45,81.15,53.89,1616.72
NTR,16.5062,80.648,Nellore APMC,14.4426,79.9865,240.16,7204.83
NTR,16.5062,80.648,Chintapalli APMC,17.8667,82.35,235.74,7072.21
NTR,16.5062,80.648,Gopalavaram APMC,16.7333,81.6833,113.16,3394.92
NTR,16.5062,80.648,Anantapur APMC,14.6819,77.6006,384.27,11528.04
NTR,16.5062,80.648,Valmikipuram APMC,13.9167,79.2167,326.33,9789.84
NTR,16.5062,80.648,Kalikiri APMC,13.55,78.8,383.96,11518.94
NTR,16.5062,80.648,Madanapalli APMC,13.5503,78.5029,401.35,12040.62
NTR,16.5062,80.648,Mulakalacheruvu APMC,13.8,78.3833,386.81,11604.15
NTR,16.5062,80.648,Punganur APMC,13.3667,78.5833,413.59,12407.83
NTR,16.5062,80.648,Vayalapadu APMC,13.3667,78.7,407.01,12210.28
NTR,16.5062,80.648,Pattikonda APMC,15.395,77.5086,357.66,10729.7
NTR,16.5062,80.648,Duggirala APMC,16.3237,80.621,20.5,614.89
NTR,16.5062,80.648,Paderu APMC,18.0833,82.6667,276.92,8307.46
NTR,16.5062,80.648,Ipur APMC,16.09,79.97,85.89,2576.82
Prakasam,15.3173,79.989,Kurnool APMC,15.8281,78.0373,216.63,6498.88
Prakasam,15.3173,79.989,Rapur APMC,14.2,79.5333,133.55,4006.54
Prakasam,15.3173,79.989,Tirupati APMC,13.6288,79.4192,197.52,5925.61
Prakasam,15.3173,79.989,Rajampet APMC,14.1933,79.1606,153.48,4604.29
Prakasam,15.3173,79.989,Ambajipeta APMC,16.715,81.99,264.37,7930.98
Prakasam,15.3173,79.989,Rajahmundry APMC,16.9891,81.784,267.04,8011.09
Prakasam,15.3173,79.989,Ravulapalem APMC,16.7667,81.8333,254.59,7637.72
Prakasam,15.3173,79.989,Thiruchanur APMC,13.6173,79.4105,199.03,5970.84
Prakasam,15.3173,79.989,Vijayanagaram APMC,18.1067,83.3956,477.27,14318.18
Prakasam,15.3173,79.989,Nandyal APMC,15.477,78.4836,162.36,4870.76
Prakasam,15.3173,79.989,Palamaner APMC,13.1992,78.7476,270.86,8125.88
Prakasam,15.3173,79.989,Tadikonda APMC,16.4128,80.4534,131.55,3946.55
Prakasam,15.3173,79.989,Tiruvuru APMC,17.1,80.6333,209.82,6294.73
Prakasam,15.3173,79.989,Adoni APMC,15.6279,77.2749,292.9,8786.93
Prakasam,15.3173,79.989,Atmakur(SPS) APMC,14.6247,79.4126,98.82,2964.51
Prakasam,15.3173,79.989,Dharmavaram APMC,14.4143,77.7126,264.45,7933.54
Prakasam,15.3173,79.989,Tenakallu APMC,14.25,77.7333,270,8099.87
Prakasam,15.3173,79.989,Cuddapah APMC,14.4673,78.8242,156.84,4705.34
Prakasam,15.3173,79.989,Lakkireddipalli APMC,14.1283,78.7239,189.71,5691.27
Prakasam,15.3173,79.989,Pulivendula APMC,14.4214,78.225,214.16,6424.72
Prakasam,15.3173,79.989,Yemmiganur APMC,15.772,77.483,273.18,8195.37
Prakasam,15.3173,79.989,Gudur APMC,14.1467,79.85,131.02,3930.61
Prakasam,15.3173,79.989,Kadiri APMC,14.1116,78.1616,237.9,7137.08
Prakasam,15.3173,79.989,Jaggayyapeta APMC,16.8938,80.0971,175.68,5270.36
Prakasam,15.3173,79.989,Mylavaram APMC,16.7626,80.642,175.21,5256.18
Prakasam,15.3173,79.989,Bangarupalyam APMC,13.2123,78.95,259.46,7783.95
Prakasam,15.3173,79.989,Chittoor APMC,13.2172,79.1003,252.39,7571.82
Prakasam,15.3173,79.989,Puttur APMC,13.4416,79.5535,213.78,6413.33
Prakasam,15.3173,79.989,Rampachodavaram APMC,17.4333,81.7833,303.31,9099.36
Prakasam,15.3173,79.989,Proddatur APMC,14.75,78.55,166.91,5007.33
Prakasam,15.3173,79.989,Jaggampeta APMC,17.1865,82.059,303.36,9100.65
Prakasam,15.3173,79.989,Kakinada APMC,16.9891,82.2475,304.53,9135.88
Prakasam,15.3173,79.989,Karapa APMC,16.9833,82.2333,302.94,9088.13
Prakasam,15.3173,79.989,Peddapuram APMC,17.0833,82.1333,301.63,9048.95
Prakasam,15.3173,79.989,Prattipadu APMC,16.3,80.4167,118.47,3553.96
Prakasam,15.3173,79.989,Tuni APMC,17.35,82.55,354.62,10638.68
Prakasam,15.3173,79.989,Divi APMC,16.45,81.15,176.86,5305.9
Prakasam,15.3173,79.989,Nellore APMC,14.4426,79.9865,97.26,2917.88
Prakasam,15.3173,79.989,Chintapalli APMC,17.8667,82.35,379.01,11370.35
Prakasam,15.3173,79.989,Gopalavaram APMC,16.7333,81.6833,239.95,7198.6
Prakasam,15.3173,79.989,Anantapur APMC,14.6819,77.6006,266.08,7982.35
Prakasam,15.3173,79.989,Valmikipuram APMC,13.9167,79.2167,176.52,5295.61
Prakasam,15.3173,79.989,Kalikiri APMC,13.55,78.8,234.54,7036.27
Prakasam,15.3173,79.989,Madanapalli APMC,13.5503,78.5029,253.4,7602.05
Prakasam,15.3173,79.989,Mulakalacheruvu APMC,13.8,78.3833,241.51,7245.3
Prakasam,15.3173,79.989,Punganur APMC,13.3667,78.5833,264.53,7935.79
Prakasam,15.3173,79.989,Vayalapadu APMC,13.3667,78.7,257.54,7726.09
Prakasam,15.3173,79.989,Pattikonda APMC,15.395,77.5086,266.1,7983
Prakasam,15.3173,79.989,Duggirala APMC,16.3237,80.621,130.75,3922.38
Prakasam,15.3173,79.989,Paderu APMC,18.0833,82.6667,419.41,12582.39
Prakasam,15.3173,79.989,Ipur APMC,16.09,79.97,85.94,2578.33
Nellore,14.4426,79.9865,Kurnool APMC,15.8281,78.0373,259.82,7794.57
Nellore,14.4426,79.9865,Rapur APMC,14.2,79.5333,55.78,1673.51
Nellore,14.4426,79.9865,Tirupati APMC,13.6288,79.4192,109.24,3277.23
Nellore,14.4426,79.9865,Rajampet APMC,14.1933,79.1606,93.2,2796.03
Nellore,14.4426,79.9865,Ambajipeta APMC,16.715,81.99,331.5,9944.89
Nellore,14.4426,79.9865,Rajahmundry APMC,16.9891,81.784,342.33,10269.85
Nellore,14.4426,79.9865,Ravulapalem APMC,16.7667,81.8333,325.42,9762.56
Nellore,14.4426,79.9865,Thiruchanur APMC,13.6173,79.4105,110.83,3324.81
Nellore,14.4426,79.9865,Vijayanagaram APMC,18.1067,83.3956,546.22,16386.46
Nellore,14.4426,79.9865,Nandyal APMC,15.477,78.4836,198.23,5946.89
Nellore,14.4426,79.9865,Palamaner APMC,13.1992,78.7476,192.38,5771.36
Nellore,14.4426,79.9865,Tadikonda APMC,16.4128,80.4534,224.72,6741.58
Nellore,14.4426,79.9865,Tiruvuru APMC,17.1,80.6333,303.49,9104.56
Nellore,14.4426,79.9865,Adoni APMC,15.6279,77.2749,319.63,9588.76
Nellore,14.4426,79.9865,Atmakur(SPS) APMC,14.6247,79.4126,65.01,1950.2
Nellore,14.4426,79.9865,Dharmavaram APMC,14.4143,77.7126,244.89,7346.71
Nellore,14.4426,79.9865,Tenakallu APMC,14.25,77.7333,243.67,7310.2
Nellore,14.4426,79.9865,Cuddapah APMC,14.4673,78.8242,125.18,3755.42
Nellore,14.4426,79.9865,Lakkireddipalli APMC,14.1283,78.7239,140.47,4214.1
Nellore,14.4426,79.9865,Pulivendula APMC,14.4214,78.225,189.7,5691.1
Nellore,14.4426,79.9865,Yemmiganur APMC,15.772,77.483,306.72,9201.56
Nellore,14.4426,79.9865,Gudur APMC,14.1467,79.85,36.04,1081.21
Nellore,14.4426,79.9865,Kadiri APMC,14.1116,78.1616,200.07,6001.98
Nellore,14.4426,79.9865,Jaggayyapeta APMC,16.8938,80.0971,272.82,8184.54
Nellore,14.4426,79.9865,Mylavaram APMC,16.7626,80.642,267.35,8020.57
Nellore,14.4426,79.9865,Bangarupalyam APMC,13.2123,78.95,176.75,5302.38
Nellore,14.4426,79.9865,Chittoor APMC,13.2172,79.1003,166.5,4994.92
Nellore,14.4426,79.9865,Puttur APMC,13.4416,79.5535,120.72,3621.51
Nellore,14.4426,79.9865,Rampachodavaram APMC,17.4333,81.7833,384.04,11521.23
Nellore,14.4426,79.9865,Proddatur APMC,14.75,78.55,158.31,4749.3
Nellore,14.4426,79.9865,Jaggampeta APMC,17.1865,82.059,377.15,11314.51
Nellore,14.4426,79.9865,Kakinada APMC,16.9891,82.2475,372.47,11174.2
Nellore,14.4426,79.9865,Karapa APMC,16.9833,82.2333,371,11129.96
Nellore,14.4426,79.9865,Peddapuram APMC,17.0833,82.1333,372.81,11184.28
Nellore,14.4426,79.9865,Prattipadu APMC,16.3,80.4167,211.62,6348.62
Nellore,14.4426,79.9865,Tuni APMC,17.35,82.55,423.85,12715.58
Nellore,14.4426,79.9865,Divi APMC,16.45,81.15,255.68,7670.42
Nellore,14.4426,79.9865,Nellore APMC,14.4426,79.9865,0,0
Nellore,14.4426,79.9865,Chintapalli APMC,17.8667,82.35,456.8,13703.87
Nellore,14.4426,79.9865,Gopalavaram APMC,16.7333,81.6833,312.89,9386.77
Nellore,14.4426,79.9865,Anantapur APMC,14.6819,77.6006,258.15,7744.53
Nellore,14.4426,79.9865,Valmikipuram APMC,13.9167,79.2167,101.52,3045.68
Nellore,14.4426,79.9865,Kalikiri APMC,13.55,78.8,161.98,4859.51
Nellore,14.4426,79.9865,Madanapalli APMC,13.5503,78.5029,188.33,5649.76
Nellore,14.4426,79.9865,Mulakalacheruvu APMC,13.8,78.3833,187.06,5611.92
Nellore,14.4426,79.9865,Punganur APMC,13.3667,78.5833,193,5790.13
Nellore,14.4426,79.9865,Vayalapadu APMC,13.3667,78.7,183.29,5498.59
Nellore,14.4426,79.9865,Pattikonda APMC,15.395,77.5086,286.53,8595.8
Nellore,14.4426,79.9865,Duggirala APMC,16.3237,80.621,219.95,6598.54
Nellore,14.4426,79.9865,Paderu APMC,18.0833,82.6667,495.68,14870.52
Nellore,14.4426,79.9865,Ipur APMC,16.09,79.97,183.19,5495.73
Tirupati,13.6288,79.4192,Kurnool APMC,15.8281,78.0373,286.16,8584.78
Tirupati,13.6288,79.4192,Rapur APMC,14.2,79.5333,64.7,1940.92
Tirupati,13.6288,79.4192,Tirupati APMC,13.6288,79.4192,0,0
Tirupati,13.6288,79.4192,Rajampet APMC,14.1933,79.1606,68.7,2060.86
Tirupati,13.6288,79.4192,Ambajipeta APMC,16.715,81.99,440.3,13208.89
Tirupati,13.6288,79.4192,Rajahmundry APMC,16.9891,81.784,451.57,13547.07
Tirupati,13.6288,79.4192,Ravulapalem APMC,16.7667,81.8333,434.54,13036.33
Tirupati,13.6288,79.4192,Thiruchanur APMC,13.6173,79.4105,1.59,47.62
Tirupati,13.6288,79.4192,Vijayanagaram APMC,18.1067,83.3956,654.74,19642.34
Tirupati,13.6288,79.4192,Nandyal APMC,15.477,78.4836,228.85,6865.56
Tirupati,13.6288,79.4192,Palamaner APMC,13.1992,78.7476,86.94,2608.21
Tirupati,13.6288,79.4192,Tadikonda APMC,16.4128,80.4534,328.88,9866.52
Tirupati,13.6288,79.4192,Tiruvuru APMC,17.1,80.6333,407.33,12219.98
Tirupati,13.6288,79.4192,Adoni APMC,15.6279,77.2749,320.36,9610.83
Tirupati,13.6288,79.4192,Atmakur(SPS) APMC,14.6247,79.4126,110.74,3322.24
Tirupati,13.6288,79.4192,Dharmavaram APMC,14.4143,77.7126,203.78,6113.31
Tirupati,13.6288,79.4192,Tenakallu APMC,14.25,77.7333,194.61,5838.37
Tirupati,13.6288,79.4192,Cuddapah APMC,14.4673,78.8242,113.19,3395.76
Tirupati,13.6288,79.4192,Lakkireddipalli APMC,14.1283,78.7239,93.37,2801.17
Tirupati,13.6288,79.4192,Pulivendula APMC,14.4214,78.225,156.09,4682.73
Tirupati,13.6288,79.4192,Yemmiganur APMC,15.772,77.483,316.47,9494.13
Tirupati,13.6288,79.4192,Gudur APMC,14.1467,79.85,74.02,2220.57
Tirupati,13.6288,79.4192,Kadiri APMC,14.1116,78.1616,145.99,4379.69
Tirupati,13.6288,79.4192,Jaggayyapeta APMC,16.8938,80.0971,370.26,11107.82
Tirupati,13.6288,79.4192,Mylavaram APMC,16.7626,80.642,372.34,11170.25
Tirupati,13.6288,79.4192,Bangarupalyam APMC,13.2123,78.95,68.7,2061.11
Tirupati,13.6288,79.4192,Chittoor APMC,13.2172,79.1003,57.31,1719.28
Tirupati,13.6288,79.4192,Puttur APMC,13.4416,79.5535,25.38,761.37
Tirupati,13.6288,79.4192,Rampachodavaram APMC,17.4333,81.7833,493.03,14791.05
Tirupati,13.6288,79.4192,Proddatur APMC,14.75,78.55,155.96,4678.73
Tirupati,13.6288,79.4192,Jaggampeta APMC,17.1865,82.059,486.36,14590.76
Tirupati,13.6288,79.4192,Kakinada APMC,16.9891,82.2475,481.24,14437.15
Tirupati,13.6288,79.4192,Karapa APMC,16.9833,82.2333,479.78,14393.45
Tirupati,13.6288,79.4192,Peddapuram APMC,17.0833,82.1333,481.88,14456.46
Tirupati,13.6288,79.4192,Prattipadu APMC,16.3,80.4167,315.76,9472.73
Tirupati,13.6288,79.4192,Tuni APMC,17.35,82.55,532.65,15979.39
Tirupati,13.6288,79.4192,Divi APMC,16.45,81.15,364.62,10938.55
Tirupati,13.6288,79.4192,Nellore APMC,14.4426,79.9865,109.24,3277.23
Tirupati,13.6288,79.4192,Chintapalli APMC,17.8667,82.35,566.03,16980.76
Tirupati,13.6288,79.4192,Gopalavaram APMC,16.7333,81.6833,422.12,12663.52
Tirupati,13.6288,79.4192,Anantapur APMC,14.6819,77.6006,228.38,6851.42
Tirupati,13.6288,79.4192,Valmikipuram APMC,13.9167,79.2167,38.77,1163.1
Tirupati,13.6288,79.4192,Kalikiri APMC,13.55,78.8,67.5,2024.86
Tirupati,13.6288,79.4192,Madanapalli APMC,13.5503,78.5029,99.42,2982.58
Tirupati,13.6288,79.4192,Mulakalacheruvu APMC,13.8,78.3833,113.51,3405.31
Tirupati,13.6288,79.4192,Punganur APMC,13.3667,78.5833,94.96,2848.89
Tirupati,13.6288,79.4192,Vayalapadu APMC,13.3667,78.7,83.04,2491.33
Tirupati,13.6288,79.4192,Pattikonda APMC,15.395,77.5086,284.37,8531.1
Tirupati,13.6288,79.4192,Duggirala APMC,16.3237,80.621,326.28,9788.34
Tirupati,13.6288,79.4192,Paderu APMC,18.0833,82.6667,604.92,18147.52
Tirupati,13.6288,79.4192,Ipur APMC,16.09,79.97,280,8400.03
Annamayya,14.0311,78.8537,Kurnool APMC,15.8281,78.0373,218.22,6546.61
Annamayya,14.0311,78.8537,Rapur APMC,14.2,79.5333,75.65,2269.63
Annamayya,14.0311,78.8537,Tirupati APMC,13.6288,79.4192,75.69,2270.73
Annamayya,14.0311,78.8537,Rajampet APMC,14.1933,79.1606,37.69,1130.73
Annamayya,14.0311,78.8537,Ambajipeta APMC,16.715,81.99,449.57,13486.97
Annamayya,14.0311,78.8537,Rajahmundry APMC,16.9891,81.784,454.68,13640.36
Annamayya,14.0311,78.8537,Ravulapalem APMC,16.7667,81.8333,441.06,13231.79
Annamayya,14.0311,78.8537,Thiruchanur APMC,13.6173,79.4105,75.71,2271.21
Annamayya,14.0311,78.8537,Vijayanagaram APMC,18.1067,83.3956,663.9,19917.02
Annamayya,14.0311,78.8537,Nandyal APMC,15.477,78.4836,165.63,4968.86
Annamayya,14.0311,78.8537,Palamaner APMC,13.1992,78.7476,93.21,2796.33
Annamayya,14.0311,78.8537,Tadikonda APMC,16.4128,80.4534,315.58,9467.4
Annamayya,14.0311,78.8537,Tiruvuru APMC,17.1,80.6333,390.87,11725.97
Annamayya,14.0311,78.8537,Adoni APMC,15.6279,77.2749,245.61,7368.3
Annamayya,14.0311,78.8537,Atmakur(SPS) APMC,14.6247,79.4126,89.34,2680.32
Annamayya,14.0311,78.8537,Dharmavaram APMC,14.4143,77.7126,130.17,3905
Annamayya,14.0311,78.8537,Tenakallu APMC,14.25,77.7333,123.24,3697.06
Annamayya,14.0311,78.8537,Cuddapah APMC,14.4673,78.8242,48.61,1458.22
Annamayya,14.0311,78.8537,Lakkireddipalli APMC,14.1283,78.7239,17.69,530.59
Annamayya,14.0311,78.8537,Pulivendula APMC,14.4214,78.225,80.47,2414.11
Annamayya,14.0311,78.8537,Yemmiganur APMC,15.772,77.483,243.24,7297.15
Annamayya,14.0311,78.8537,Gudur APMC,14.1467,79.85,108.22,3246.51
Annamayya,14.0311,78.8537,Kadiri APMC,14.1116,78.1616,75.18,2255.51
Annamayya,14.0311,78.8537,Jaggayyapeta APMC,16.8938,80.0971,345.08,10352.33
Annamayya,14.0311,78.8537,Mylavaram APMC,16.7626,80.642,359.16,10774.82
Annamayya,14.0311,78.8537,Bangarupalyam APMC,13.2123,78.95,91.64,2749.18
Annamayya,14.0311,78.8537,Chittoor APMC,13.2172,79.1003,94.34,2830.3
Annamayya,14.0311,78.8537,Puttur APMC,13.4416,79.5535,100.05,3001.54
Annamayya,14.0311,78.8537,Rampachodavaram APMC,17.4333,81.7833,491.32,14739.59
Annamayya,14.0311,78.8537,Proddatur APMC,14.75,78.55,86.37,2591.15
Annamayya,14.0311,78.8537,Jaggampeta APMC,17.1865,82.059,490.82,14724.49
Annamayya,14.0311,78.8537,Kakinada APMC,16.9891,82.2475,490.28,14708.36
Annamayya,14.0311,78.8537,Karapa APMC,16.9833,82.2333,488.72,14661.66
Annamayya,14.0311,78.8537,Peddapuram APMC,17.0833,82.1333,488.43,14653.04
Annamayya,14.0311,78.8537,Prattipadu APMC,16.3,80.4167,302.96,9088.77
Annamayya,14.0311,78.8537,Tuni APMC,17.35,82.55,541.03,16230.8
Annamayya,14.0311,78.8537,Divi APMC,16.45,81.15,364.73,10941.76
Annamayya,14.0311,78.8537,Nellore APMC,14.4426,79.9865,130.39,3911.55
Annamayya,14.0311,78.8537,Chintapalli APMC,17.8667,82.35,567.07,17011.99
Annamayya,14.0311,78.8537,Gopalavaram APMC,16.7333,81.6833,426.96,12808.69
Annamayya,14.0311,78.8537,Anantapur APMC,14.6819,77.6006,153.16,4594.8
Annamayya,14.0311,78.8537,Valmikipuram APMC,13.9167,79.2167,41.18,1235.49
Annamayya,14.0311,78.8537,Kalikiri APMC,13.55,78.8,53.81,1614.28
Annamayya,14.0311,78.8537,Madanapalli APMC,13.5503,78.5029,65.52,1965.71
Annamayya,14.0311,78.8537,Mulakalacheruvu APMC,13.8,78.3833,56.9,1707.11
Annamayya,14.0311,78.8537,Punganur APMC,13.3667,78.5833,79.44,2383.3
Annamayya,14.0311,78.8537,Vayalapadu APMC,13.3667,78.7,75.72,2271.63
Annamayya,14.0311,78.8537,Pattikonda APMC,15.395,77.5086,209.59,6287.62
Annamayya,14.0311,78.8537,Duggirala APMC,16.3237,80.621,317.73,9531.88
Annamayya,14.0311,78.8537,Paderu APMC,18.0833,82.6667,607.41,18222.28
Annamayya,14.0311,78.8537,Ipur APMC,16.09,79.97,258.42,7752.46
East Godavari,16.9891,82.2475,Kurnool APMC,15.8281,78.0373,467.26,14017.68
East Godavari,16.9891,82.2475,Rapur APMC,14.2,79.5333,425.05,12751.41
East Godavari,16.9891,82.2475,Tirupati APMC,13.6288,79.4192,481.24,14437.15
East Godavari,16.9891,82.2475,Rajampet APMC,14.1933,79.1606,453.79,13613.68
East Godavari,16.9891,82.2475,Ambajipeta APMC,16.715,81.99,40.99,1229.59
East Godavari,16.9891,82.2475,Rajahmundry APMC,16.9891,81.784,49.29,1478.69
East Godavari,16.9891,82.2475,Ravulapalem APMC,16.7667,81.8333,50.54,1516.11
East Godavari,16.9891,82.2475,Thiruchanur APMC,13.6173,79.4105,482.82,14484.73
East Godavari,16.9891,82.2475,Vijayanagaram APMC,18.1067,83.3956,173.95,5218.54
East Godavari,16.9891,82.2475,Nandyal APMC,15.477,78.4836,435.58,13067.41
East Godavari,16.9891,82.2475,Palamaner APMC,13.1992,78.7476,564.54,16936.35
East Godavari,16.9891,82.2475,Tadikonda APMC,16.4128,80.4534,201.54,6046.12
East Godavari,16.9891,82.2475,Tiruvuru APMC,17.1,80.6333,172.05,5161.47
East Godavari,16.9891,82.2475,Adoni APMC,15.6279,77.2749,551.82,16554.46
East Godavari,16.9891,82.2475,Atmakur(SPS) APMC,14.6247,79.4126,401.37,12041.12
East Godavari,16.9891,82.2475,Dharmavaram APMC,14.4143,77.7126,563.53,16905.87
East Godavari,16.9891,82.2475,Tenakallu APMC,14.25,77.7333,571.31,17139.32
East Godavari,16.9891,82.2475,Cuddapah APMC,14.4673,78.8242,461.36,13840.72
East Godavari,16.9891,82.2475,Lakkireddipalli APMC,14.1283,78.7239,493.58,14807.36
East Godavari,16.9891,82.2475,Pulivendula APMC,14.4214,78.225,516.6,15498.04
East Godavari,16.9891,82.2475,Yemmiganur APMC,15.772,77.483,525.97,15779.09
East Godavari,16.9891,82.2475,Gudur APMC,14.1467,79.85,407.22,12216.59
East Godavari,16.9891,82.2475,Kadiri APMC,14.1116,78.1616,542.13,16263.85
East Godavari,16.9891,82.2475,Jaggayyapeta APMC,16.8938,80.0971,228.98,6869.43
East Godavari,16.9891,82.2475,Mylavaram APMC,16.7626,80.642,172.68,5180.44
East Godavari,16.9891,82.2475,Bangarupalyam APMC,13.2123,78.95,549.21,16476.21
East Godavari,16.9891,82.2475,Chittoor APMC,13.2172,79.1003,538.53,16155.78
East Godavari,16.9891,82.2475,Puttur APMC,13.4416,79.5535,489,14670.06
East Godavari,16.9891,82.2475,Rampachodavaram APMC,17.4333,81.7833,69.79,2093.7
East Godavari,16.9891,82.2475,Proddatur APMC,14.75,78.55,467.29,14018.69
East Godavari,16.9891,82.2475,Jaggampeta APMC,17.1865,82.059,29.72,891.56
East Godavari,16.9891,82.2475,Kakinada APMC,16.9891,82.2475,0,0
East Godavari,16.9891,82.2475,Karapa APMC,16.9833,82.2333,1.64,49.26
East Godavari,16.9891,82.2475,Peddapuram APMC,17.0833,82.1333,16.04,481.05
East Godavari,16.9891,82.2475,Prattipadu APMC,16.3,80.4167,209.56,6286.65
East Godavari,16.9891,82.2475,Tuni APMC,17.35,82.55,51.41,1542.38
East Godavari,16.9891,82.2475,Divi APMC,16.45,81.15,131.35,3940.58
East Godavari,16.9891,82.2475,Nellore APMC,14.4426,79.9865,372.47,11174.2
East Godavari,16.9891,82.2475,Chintapalli APMC,17.8667,82.35,98.19,2945.66
East Godavari,16.9891,82.2475,Gopalavaram APMC,16.7333,81.6833,66.44,1993.08
East Godavari,16.9891,82.2475,Anantapur APMC,14.6819,77.6006,559.35,16780.6
East Godavari,16.9891,82.2475,Valmikipuram APMC,13.9167,79.2167,471.37,14141.24
East Godavari,16.9891,82.2475,Kalikiri APMC,13.55,78.8,531.93,15957.78
East Godavari,16.9891,82.2475,Madanapalli APMC,13.5503,78.5029,554.52,16635.71
East Godavari,16.9891,82.2475,Mulakalacheruvu APMC,13.8,78.3833,545.26,16357.68
East Godavari,16.9891,82.2475,Punganur APMC,13.3667,78.5833,562.85,16885.59
East Godavari,16.9891,82.2475,Vayalapadu APMC,13.3667,78.7,554.18,16625.4
East Godavari,16.9891,82.2475,Pattikonda APMC,15.395,77.5086,536.16,16084.68
East Godavari,16.9891,82.2475,Duggirala APMC,16.3237,80.621,188.4,5652.13
East Godavari,16.9891,82.2475,Paderu APMC,18.0833,82.6667,129.53,3886
East Godavari,16.9891,82.2475,Ipur APMC,16.09,79.97,262.54,7876.31
West Godavari,16.7107,81.0952,Kurnool APMC,15.8281,78.0373,340.83,10225.04
West Godavari,16.7107,81.0952,Rapur APMC,14.2,79.5333,325.51,9765.23
West Godavari,16.7107,81.0952,Tirupati APMC,13.6288,79.4192,387.02,11610.45
West Godavari,16.7107,81.0952,Rajampet APMC,14.1933,79.1606,348.34,10450.1
West Godavari,16.7107,81.0952,Ambajipeta APMC,16.715,81.99,95.3,2858.86
West Godavari,16.7107,81.0952,Rajahmundry APMC,16.9891,81.784,79.57,2387.14
West Godavari,16.7107,81.0952,Ravulapalem APMC,16.7667,81.8333,78.84,2365.25
West Godavari,16.7107,81.0952,Thiruchanur APMC,13.6173,79.4105,388.58,11657.5
West Godavari,16.7107,81.0952,Vijayanagaram APMC,18.1067,83.3956,289.25,8677.44
West Godavari,16.7107,81.0952,Nandyal APMC,15.477,78.4836,310.91,9327.23
West Godavari,16.7107,81.0952,Palamaner APMC,13.1992,78.7476,464.8,13944.02
West Godavari,16.7107,81.0952,Tadikonda APMC,16.4128,80.4534,76,2280.07
West Godavari,16.7107,81.0952,Tiruvuru APMC,17.1,80.6333,65.49,1964.65
West Godavari,16.7107,81.0952,Adoni APMC,15.6279,77.2749,425.38,12761.29
West Godavari,16.7107,81.0952,Atmakur(SPS) APMC,14.6247,79.4126,293.68,8810.48
West Godavari,16.7107,81.0952,Dharmavaram APMC,14.4143,77.7126,443.25,13297.39
West Godavari,16.7107,81.0952,Tenakallu APMC,14.25,77.7333,452.36,13570.81
West Godavari,16.7107,81.0952,Cuddapah APMC,14.4673,78.8242,348.4,10451.92
West Godavari,16.7107,81.0952,Lakkireddipalli APMC,14.1283,78.7239,383.47,11504.18
West Godavari,16.7107,81.0952,Pulivendula APMC,14.4214,78.225,399.13,11973.95
West Godavari,16.7107,81.0952,Yemmiganur APMC,15.772,77.483,399.5,11984.86
West Godavari,16.7107,81.0952,Gudur APMC,14.1467,79.85,314.79,9443.8
West Godavari,16.7107,81.0952,Kadiri APMC,14.1116,78.1616,427.08,12812.33
West Godavari,16.7107,81.0952,Jaggayyapeta APMC,16.8938,80.0971,108.18,3245.36
West Godavari,16.7107,81.0952,Mylavaram APMC,16.7626,80.642,48.6,1458.08
West Godavari,16.7107,81.0952,Bangarupalyam APMC,13.2123,78.95,452.12,13563.54
West Godavari,16.7107,81.0952,Chittoor APMC,13.2172,79.1003,443.63,13308.91
West Godavari,16.7107,81.0952,Puttur APMC,13.4416,79.5535,399.41,11982.29
West Godavari,16.7107,81.0952,Rampachodavaram APMC,17.4333,81.7833,108.65,3259.62
West Godavari,16.7107,81.0952,Proddatur APMC,14.75,78.55,348.9,10467.04
West Godavari,16.7107,81.0952,Jaggampeta APMC,17.1865,82.059,115.36,3460.85
West Godavari,16.7107,81.0952,Kakinada APMC,16.9891,82.2475,126.48,3794.27
West Godavari,16.7107,81.0952,Karapa APMC,16.9833,82.2333,124.85,3745.64
West Godavari,16.7107,81.0952,Peddapuram APMC,17.0833,82.1333,117.96,3538.89
West Godavari,16.7107,81.0952,Prattipadu APMC,16.3,80.4167,85.55,2566.38
West Godavari,16.7107,81.0952,Tuni APMC,17.35,82.55,170.23,5106.76
West Godavari,16.7107,81.0952,Divi APMC,16.45,81.15,29.57,887.13
West Godavari,16.7107,81.0952,Nellore APMC,14.4426,79.9865,278.76,8362.72
West Godavari,16.7107,81.0952,Chintapalli APMC,17.8667,82.35,185.12,5553.69
West Godavari,16.7107,81.0952,Gopalavaram APMC,16.7333,81.6833,62.68,1880.36
West Godavari,16.7107,81.0952,Anantapur APMC,14.6819,77.6006,436.82,13104.71
West Godavari,16.7107,81.0952,Valmikipuram APMC,13.9167,79.2167,370.27,11108.05
West Godavari,16.7107,81.0952,Kalikiri APMC,13.55,78.8,429.18,12875.47
West Godavari,16.7107,81.0952,Madanapalli APMC,13.5503,78.5029,448.22,13446.53
West Godavari,16.7107,81.0952,Mulakalacheruvu APMC,13.8,78.3833,435.16,13054.86
West Godavari,16.7107,81.0952,Punganur APMC,13.3667,78.5833,459.35,13780.36
West Godavari,16.7107,81.0952,Vayalapadu APMC,13.3667,78.7,452.1,13563.07
West Godavari,16.7107,81.0952,Pattikonda APMC,15.395,77.5086,410.22,12306.61
West Godavari,16.7107,81.0952,Duggirala APMC,16.3237,80.621,66.39,1991.64
West Godavari,16.7107,81.0952,Paderu APMC,18.0833,82.6667,226.05,6781.47
West Godavari,16.7107,81.0952,Ipur APMC,16.09,79.97,138.45,4153.63
Kakinada,16.9891,82.2475,Kurnool APMC,15.8281,78.0373,467.26,14017.68
Kakinada,16.9891,82.2475,Rapur APMC,14.2,79.5333,425.05,12751.41
Kakinada,16.9891,82.2475,Tirupati APMC,13.6288,79.4192,481.24,14437.15
Kakinada,16.9891,82.2475,Rajampet APMC,14.1933,79.1606,453.79,13613.68
Kakinada,16.9891,82.2475,Ambajipeta APMC,16.715,81.99,40.99,1229.59
Kakinada,16.9891,82.2475,Rajahmundry APMC,16.9891,81.784,49.29,1478.69
Kakinada,16.9891,82.2475,Ravulapalem APMC,16.7667,81.8333,50.54,1516.11
Kakinada,16.9891,82.2475,Thiruchanur APMC,13.6173,79.4105,482.82,14484.73
Kakinada,16.9891,82.2475,Vijayanagaram APMC,18.1067,83.3956,173.95,5218.54
Kakinada,16.9891,82.2475,Nandyal APMC,15.477,78.4836,435.58,13067.41
Kakinada,16.9891,82.2475,Palamaner APMC,13.1992,78.7476,564.54,16936.35
Kakinada,16.9891,82.2475,Tadikonda APMC,16.4128,80.4534,201.54,6046.12
Kakinada,16.9891,82.2475,Tiruvuru APMC,17.1,80.6333,172.05,5161.47
Kakinada,16.9891,82.2475,Adoni APMC,15.6279,77.2749,551.82,16554.46
Kakinada,16.9891,82.2475,Atmakur(SPS) APMC,14.6247,79.4126,401.37,12041.12
Kakinada,16.9891,82.2475,Dharmavaram APMC,14.4143,77.7126,563.53,16905.87
Kakinada,16.9891,82.2475,Tenakallu APMC,14.25,77.7333,571.31,17139.32
Kakinada,16.9891,82.2475,Cuddapah APMC,14.4673,78.8242,461.36,13840.72
Kakinada,16.9891,82.2475,Lakkireddipalli APMC,14.1283,78.7239,493.58,14807.36
Kakinada,16.9891,82.2475,Pulivendula APMC,14.4214,78.225,516.6,15498.04
Kakinada,16.9891,82.2475,Yemmiganur APMC,15.772,77.483,525.97,15779.09
Kakinada,16.9891,82.2475,Gudur APMC,14.1467,79.85,407.22,12216.59
Kakinada,16.9891,82.2475,Kadiri APMC,14.1116,78.1616,542.13,16263.85
Kakinada,16.9891,82.2475,Jaggayyapeta APMC,16.8938,80.0971,228.98,6869.43
Kakinada,16.9891,82.2475,Mylavaram APMC,16.7626,80.642,172.68,5180.44
Kakinada,16.9891,82.2475,Bangarupalyam APMC,13.2123,78.95,549.21,16476.21
Kakinada,16.9891,82.2475,Chittoor APMC,13.2172,79.1003,538.53,16155.78
Kakinada,16.9891,82.2475,Puttur APMC,13.4416,79.5535,489,14670.06
Kakinada,16.9891,82.2475,Rampachodavaram APMC,17.4333,81.7833,69.79,2093.7
Kakinada,16.9891,82.2475,Proddatur APMC,14.75,78.55,467.29,14018.69
Kakinada,16.9891,82.2475,Jaggampeta APMC,17.1865,82.059,29.72,891.56
Kakinada,16.9891,82.2475,Kakinada APMC,16.9891,82.2475,0,0
Kakinada,16.9891,82.2475,Karapa APMC,16.9833,82.2333,1.64,49.26
Kakinada,16.9891,82.2475,Peddapuram APMC,17.0833,82.1333,16.04,481.05
Kakinada,16.9891,82.2475,Prattipadu APMC,16.3,80.4167,209.56,6286.65
Kakinada,16.9891,82.2475,Tuni APMC,17.35,82.55,51.41,1542.38
Kakinada,16.9891,82.2475,Divi APMC,16.45,81.15,131.35,3940.58
Kakinada,16.9891,82.2475,Nellore APMC,14.4426,79.9865,372.47,11174.2
Kakinada,16.9891,82.2475,Chintapalli APMC,17.8667,82.35,98.19,2945.66
Kakinada,16.9891,82.2475,Gopalavaram APMC,16.7333,81.6833,66.44,1993.08
Kakinada,16.9891,82.2475,Anantapur APMC,14.6819,77.6006,559.35,16780.6
Kakinada,16.9891,82.2475,Valmikipuram APMC,13.9167,79.2167,471.37,14141.24
Kakinada,16.9891,82.2475,Kalikiri APMC,13.55,78.8,531.93,15957.78
Kakinada,16.9891,82.2475,Madanapalli APMC,13.5503,78.5029,554.52,16635.71
Kakinada,16.9891,82.2475,Mulakalacheruvu APMC,13.8,78.3833,545.26,16357.68
Kakinada,16.9891,82.2475,Punganur APMC,13.3667,78.5833,562.85,16885.59
Kakinada,16.9891,82.2475,Vayalapadu APMC,13.3667,78.7,554.18,16625.4
Kakinada,16.9891,82.2475,Pattikonda APMC,15.395,77.5086,536.16,16084.68
Kakinada,16.9891,82.2475,Duggirala APMC,16.3237,80.621,188.4,5652.13
Kakinada,16.9891,82.2475,Paderu APMC,18.0833,82.6667,129.53,3886
Kakinada,16.9891,82.2475,Ipur APMC,16.09,79.97,262.54,7876.31
Eluru,16.7107,81.0952,Kurnool APMC,15.8281,78.0373,340.83,10225.04
Eluru,16.7107,81.0952,Rapur APMC,14.2,79.5333,325.51,9765.23
Eluru,16.7107,81.0952,Tirupati APMC,13.6288,79.4192,387.02,11610.45
Eluru,16.7107,81.0952,Rajampet APMC,14.1933,79.1606,348.34,10450.1
Eluru,16.7107,81.0952,Ambajipeta APMC,16.715,81.99,95.3,2858.86
Eluru,16.7107,81.0952,Rajahmundry APMC,16.9891,81.784,79.57,2387.14
Eluru,16.7107,81.0952,Ravulapalem APMC,16.7667,81.8333,78.84,2365.25
Eluru,16.7107,81.0952,Thiruchanur APMC,13.6173,79.4105,388.58,11657.5
Eluru,16.7107,81.0952,Vijayanagaram APMC,18.1067,83.3956,289.25,8677.44
Eluru,16.7107,81.0952,Nandyal APMC,15.477,78.4836,310.91,9327.23
Eluru,16.7107,81.0952,Palamaner APMC,13.1992,78.7476,464.8,13944.02
Eluru,16.7107,81.0952,Tadikonda APMC,16.4128,80.4534,76,2280.07
Eluru,16.7107,81.0952,Tiruvuru APMC,17.1,80.6333,65.49,1964.65
Eluru,16.7107,81.0952,Adoni APMC,15.6279,77.2749,425.38,12761.29
Eluru,16.7107,81.0952,Atmakur(SPS) APMC,14.6247,79.4126,293.68,8810.48
Eluru,16.7107,81.0952,Dharmavaram APMC,14.4143,77.7126,443.25,13297.39
Eluru,16.7107,81.0952,Tenakallu APMC,14.25,77.7333,452.36,13570.81
Eluru,16.7107,81.0952,Cuddapah APMC,14.4673,78.8242,348.4,10451.92
Eluru,16.7107,81.0952,Lakkireddipalli APMC,14.1283,78.7239,383.47,11504.18
Eluru,16.7107,81.0952,Pulivendula APMC,14.4214,78.225,399.13,11973.95
Eluru,16.7107,81.0952,Yemmiganur APMC,15.772,77.483,399.5,11984.86
Eluru,16.7107,81.0952,Gudur APMC,14.1467,79.85,314.79,9443.8
Eluru,16.7107,81.0952,Kadiri APMC,14.1116,78.1616,427.08,12812.33
Eluru,16.7107,81.0952,Jaggayyapeta APMC,16.8938,80.0971,108.18,3245.36
Eluru,16.7107,81.0952,Mylavaram APMC,16.7626,80.642,48.6,1458.08
Eluru,16.7107,81.0952,Bangarupalyam APMC,13.2123,78.95,452.12,13563.54
Eluru,16.7107,81.0952,Chittoor APMC,13.2172,79.1003,443.63,13308.91
Eluru,16.7107,81.0952,Puttur APMC,13.4416,79.5535,399.41,11982.29
Eluru,16.7107,81.0952,Rampachodavaram APMC,17.4333,81.7833,108.65,3259.62
Eluru,16.7107,81.0952,Proddatur APMC,14.75,78.55,348.9,10467.04
Eluru,16.7107,81.0952,Jaggampeta APMC,17.1865,82.059,115.36,3460.85
Eluru,16.7107,81.0952,Kakinada APMC,16.9891,82.2475,126.48,3794.27
Eluru,16.7107,81.0952,Karapa APMC,16.9833,82.2333,124.85,3745.64
Eluru,16.7107,81.0952,Peddapuram APMC,17.0833,82.1333,117.96,3538.89
Eluru,16.7107,81.0952,Prattipadu APMC,16.3,80.4167,85.55,2566.38
Eluru,16.7107,81.0952,Tuni APMC,17.35,82.55,170.23,5106.76
Eluru,16.7107,81.0952,Divi APMC,16.45,81.15,29.57,887.13
Eluru,16.7107,81.0952,Nellore APMC,14.4426,79.9865,278.76,8362.72
Eluru,16.7107,81.0952,Chintapalli APMC,17.8667,82.35,185.12,5553.69
Eluru,16.7107,81.0952,Gopalavaram APMC,16.7333,81.6833,62.68,1880.36
Eluru,16.7107,81.0952,Anantapur APMC,14.6819,77.6006,436.82,13104.71
Eluru,16.7107,81.0952,Valmikipuram APMC,13.9167,79.2167,370.27,11108.05
Eluru,16.7107,81.0952,Kalikiri APMC,13.55,78.8,429.18,12875.47
Eluru,16.7107,81.0952,Madanapalli APMC,13.5503,78.5029,448.22,13446.53
Eluru,16.7107,81.0952,Mulakalacheruvu APMC,13.8,78.3833,435.16,13054.86
Eluru,16.7107,81.0952,Punganur APMC,13.3667,78.5833,459.35,13780.36
Eluru,16.7107,81.0952,Vayalapadu APMC,13.3667,78.7,452.1,13563.07
Eluru,16.7107,81.0952,Pattikonda APMC,15.395,77.5086,410.22,12306.61
Eluru,16.7107,81.0952,Duggirala APMC,16.3237,80.621,66.39,1991.64
Eluru,16.7107,81.0952,Paderu APMC,18.0833,82.6667,226.05,6781.47
Eluru,16.7107,81.0952,Ipur APMC,16.09,79.97,138.45,4153.63
Konaseema,16.854,81.928,Kurnool APMC,15.8281,78.0373,430.52,12915.73
Konaseema,16.854,81.928,Rapur APMC,14.2,79.5333,391.02,11730.68
Konaseema,16.854,81.928,Tirupati APMC,13.6288,79.4192,448.37,13450.98
Konaseema,16.854,81.928,Rajampet APMC,14.1933,79.1606,418.83,12564.94
Konaseema,16.854,81.928,Ambajipeta APMC,16.715,81.99,16.81,504.19
Konaseema,16.854,81.928,Rajahmundry APMC,16.9891,81.784,21.46,643.67
Konaseema,16.854,81.928,Ravulapalem APMC,16.7667,81.8333,13.99,419.83
Konaseema,16.854,81.928,Thiruchanur APMC,13.6173,79.4105,449.95,13498.59
Konaseema,16.854,81.928,Vijayanagaram APMC,18.1067,83.3956,208.88,6266.3
Konaseema,16.854,81.928,Nandyal APMC,15.477,78.4836,398.44,11953.09
Konaseema,16.854,81.928,Palamaner APMC,13.1992,78.7476,530.81,15924.45
Konaseema,16.854,81.928,Tadikonda APMC,16.4128,80.4534,164.59,4937.63
Konaseema,16.854,81.928,Tiruvuru APMC,17.1,80.6333,140.38,4211.43
Konaseema,16.854,81.928,Adoni APMC,15.6279,77.2749,515.1,15453.04
Konaseema,16.854,81.928,Atmakur(SPS) APMC,14.6247,79.4126,365.94,10978.16
Konaseema,16.854,81.928,Dharmavaram APMC,14.4143,77.7126,526.59,15797.83
Konaseema,16.854,81.928,Tenakallu APMC,14.25,77.7333,534.52,16035.5
Konaseema,16.854,81.928,Cuddapah APMC,14.4673,78.8242,425.26,12757.68
Konaseema,16.854,81.928,Lakkireddipalli APMC,14.1283,78.7239,457.94,13738.24
Konaseema,16.854,81.928,Pulivendula APMC,14.4214,78.225,479.95,14398.64
Konaseema,16.854,81.928,Yemmiganur APMC,15.772,77.483,489.37,14680.96
Konaseema,16.854,81.928,Gudur APMC,14.1467,79.85,374.42,11232.55
Konaseema,16.854,81.928,Kadiri APMC,14.1116,78.1616,505.81,15174.33
Konaseema,16.854,81.928,Jaggayyapeta APMC,16.8938,80.0971,194.87,5846.13
Konaseema,16.854,81.928,Mylavaram APMC,16.7626,80.642,137.26,4117.92
Konaseema,16.854,81.928,Bangarupalyam APMC,13.2123,78.95,515.95,15478.59
Konaseema,16.854,81.928,Chittoor APMC,13.2172,79.1003,505.67,15170.2
Konaseema,16.854,81.928,Puttur APMC,13.4416,79.5535,457.06,13711.83
Konaseema,16.854,81.928,Rampachodavaram APMC,17.4333,81.7833,66.22,1986.74
Konaseema,16.854,81.928,Proddatur APMC,14.75,78.55,430.51,12915.3
Konaseema,16.854,81.928,Jaggampeta APMC,17.1865,82.059,39.51,1185.27
Konaseema,16.854,81.928,Kakinada APMC,16.9891,82.2475,37.16,1114.81
Konaseema,16.854,81.928,Karapa APMC,16.9833,82.2333,35.52,1065.56
Konaseema,16.854,81.928,Peddapuram APMC,17.0833,82.1333,33.57,1007.05
Konaseema,16.854,81.928,Prattipadu APMC,16.3,80.4167,172.44,5173.25
Konaseema,16.854,81.928,Tuni APMC,17.35,82.55,86.09,2582.73
Konaseema,16.854,81.928,Divi APMC,16.45,81.15,94.27,2828.19
Konaseema,16.854,81.928,Nellore APMC,14.4426,79.9865,339.27,10178.09
Konaseema,16.854,81.928,Chintapalli APMC,17.8667,82.35,121.19,3635.59
Konaseema,16.854,81.928,Gopalavaram APMC,16.7333,81.6833,29.3,879.1
Konaseema,16.854,81.928,Anantapur APMC,14.6819,77.6006,522.24,15667.27
Konaseema,16.854,81.928,Valmikipuram APMC,13.9167,79.2167,437.2,13116.08
Konaseema,16.854,81.928,Kalikiri APMC,13.55,78.8,497.59,14927.6
Konaseema,16.854,81.928,Madanapalli APMC,13.5503,78.5029,519.59,15587.78
Konaseema,16.854,81.928,Mulakalacheruvu APMC,13.8,78.3833,509.68,15290.51
Konaseema,16.854,81.928,Punganur APMC,13.3667,78.5833,528.43,15852.81
Konaseema,16.854,81.928,Vayalapadu APMC,13.3667,78.7,520,15599.98
Konaseema,16.854,81.928,Pattikonda APMC,15.395,77.5086,499.16,14974.73
Konaseema,16.854,81.928,Duggirala APMC,16.3237,80.621,151.25,4537.5
Konaseema,16.854,81.928,Paderu APMC,18.0833,82.6667,157.55,4726.63
Konaseema,16.854,81.928,Ipur APMC,16.09,79.97,225.4,6762.1
Alluri Sitarama Raju,17.8833,82.6667,Kurnool APMC,15.8281,78.0373,543.03,16291
Alluri Sitarama Raju,17.8833,82.6667,Rapur APMC,14.2,79.5333,528.98,15869.34
Alluri Sitarama Raju,17.8833,82.6667,Tirupati APMC,13.6288,79.4192,586.95,17608.61
Alluri Sitarama Raju,17.8833,82.6667,Rajampet APMC,14.1933,79.1606,555.59,16667.68
Alluri Sitarama Raju,17.8833,82.6667,Ambajipeta APMC,16.715,81.99,148.45,4453.5
Alluri Sitarama Raju,17.8833,82.6667,Rajahmundry APMC,16.9891,81.784,136.58,4097.5
Alluri Sitarama Raju,17.8833,82.6667,Ravulapalem APMC,16.7667,81.8333,152.45,4573.56
Alluri Sitarama Raju,17.8833,82.6667,Thiruchanur APMC,13.6173,79.4105,588.54,17656.23
Alluri Sitarama Raju,17.8833,82.6667,Vijayanagaram APMC,18.1067,83.3956,80.99,2429.67
Alluri Sitarama Raju,17.8833,82.6667,Nandyal APMC,15.477,78.4836,519.69,15590.73
Alluri Sitarama Raju,17.8833,82.6667,Palamaner APMC,13.1992,78.7476,668.9,20067.1
Alluri Sitarama Raju,17.8833,82.6667,Tadikonda APMC,16.4128,80.4534,286.42,8592.55
Alluri Sitarama Raju,17.8833,82.6667,Tiruvuru APMC,17.1,80.6333,232.57,6977.13
Alluri Sitarama Raju,17.8833,82.6667,Adoni APMC,15.6279,77.2749,626.41,18792.45
Alluri Sitarama Raju,17.8833,82.6667,Atmakur(SPS) APMC,14.6247,79.4126,501.91,15057.41
Alluri Sitarama Raju,17.8833,82.6667,Dharmavaram APMC,14.4143,77.7126,654.72,19641.52
Alluri Sitarama Raju,17.8833,82.6667,Tenakallu APMC,14.25,77.7333,664.05,19921.65
Alluri Sitarama Raju,17.8833,82.6667,Cuddapah APMC,14.4673,78.8242,559.11,16773.24
Alluri Sitarama Raju,17.8833,82.6667,Lakkireddipalli APMC,14.1283,78.7239,593.17,17795.09
Alluri Sitarama Raju,17.8833,82.6667,Pulivendula APMC,14.4214,78.225,610.85,18325.62
Alluri Sitarama Raju,17.8833,82.6667,Yemmiganur APMC,15.772,77.483,599.54,17986.2
Alluri Sitarama Raju,17.8833,82.6667,Gudur APMC,14.1467,79.85,513.05,15391.51
Alluri Sitarama Raju,17.8833,82.6667,Kadiri APMC,14.1116,78.1616,638.48,19154.55
Alluri Sitarama Raju,17.8833,82.6667,Jaggayyapeta APMC,16.8938,80.0971,294.03,8820.75
Alluri Sitarama Raju,17.8833,82.6667,Mylavaram APMC,16.7626,80.642,248.43,7453.02
Alluri Sitarama Raju,17.8833,82.6667,Bangarupalyam APMC,13.2123,78.95,654.36,19630.7
Alluri Sitarama Raju,17.8833,82.6667,Chittoor APMC,13.2172,79.1003,644.25,19327.57
Alluri Sitarama Raju,17.8833,82.6667,Puttur APMC,13.4416,79.5535,595.79,17873.61
Alluri Sitarama Raju,17.8833,82.6667,Rampachodavaram APMC,17.4333,81.7833,106.14,3184.09
Alluri Sitarama Raju,17.8833,82.6667,Proddatur APMC,14.75,78.55,560.64,16819.33
Alluri Sitarama Raju,17.8833,82.6667,Jaggampeta APMC,17.1865,82.059,100.77,3023.13
Alluri Sitarama Raju,17.8833,82.6667,Kakinada APMC,16.9891,82.2475,108.92,3267.67
Alluri Sitarama Raju,17.8833,82.6667,Karapa APMC,16.9833,82.2333,110.13,3303.96
Alluri Sitarama Raju,17.8833,82.6667,Peddapuram APMC,17.0833,82.1333,105.42,3162.61
Alluri Sitarama Raju,17.8833,82.6667,Prattipadu APMC,16.3,80.4167,296.95,8908.41
Alluri Sitarama Raju,17.8833,82.6667,Tuni APMC,17.35,82.55,60.58,1817.29
Alluri Sitarama Raju,17.8833,82.6667,Divi APMC,16.45,81.15,226.64,6799.06
Alluri Sitarama Raju,17.8833,82.6667,Nellore APMC,14.4426,79.9865,477.78,14333.53
Alluri Sitarama Raju,17.8833,82.6667,Chintapalli APMC,17.8667,82.35,33.57,1006.99
Alluri Sitarama Raju,17.8833,82.6667,Gopalavaram APMC,16.7333,81.6833,165.08,4952.29
Alluri Sitarama Raju,17.8833,82.6667,Anantapur APMC,14.6819,77.6006,647.3,19419.06
Alluri Sitarama Raju,17.8833,82.6667,Valmikipuram APMC,13.9167,79.2167,574.97,17249.07
Alluri Sitarama Raju,17.8833,82.6667,Kalikiri APMC,13.55,78.8,635.11,19053.28
Alluri Sitarama Raju,17.8833,82.6667,Madanapalli APMC,13.5503,78.5029,656.24,19687.14
Alluri Sitarama Raju,17.8833,82.6667,Mulakalacheruvu APMC,13.8,78.3833,644.97,19349.1
Alluri Sitarama Raju,17.8833,82.6667,Punganur APMC,13.3667,78.5833,665.81,19974.42
Alluri Sitarama Raju,17.8833,82.6667,Vayalapadu APMC,13.3667,78.7,657.68,19730.4
Alluri Sitarama Raju,17.8833,82.6667,Pattikonda APMC,15.395,77.5086,615.2,18455.99
Alluri Sitarama Raju,17.8833,82.6667,Duggirala APMC,16.3237,80.621,278.1,8342.91
Alluri Sitarama Raju,17.8833,82.6667,Paderu APMC,18.0833,82.6667,22.24,667.17
Alluri Sitarama Raju,17.8833,82.6667,Ipur APMC,16.09,79.97,349.28,10478.29
Visakhapatnam,17.6868,83.2185,Kurnool APMC,15.8281,78.0373,589.06,17671.77
Visakhapatnam,17.6868,83.2185,Rapur APMC,14.2,79.5333,552.73,16581.75
Visakhapatnam,17.6868,83.2185,Tirupati APMC,13.6288,79.4192,607.45,18223.42
Visakhapatnam,17.6868,83.2185,Rajampet APMC,14.1933,79.1606,582.29,17468.76
Visakhapatnam,17.6868,83.2185,Ambajipeta APMC,16.715,81.99,169.42,5082.74
Visakhapatnam,17.6868,83.2185,Rajahmundry APMC,16.9891,81.784,170.89,5126.57
Visakhapatnam,17.6868,83.2185,Ravulapalem APMC,16.7667,81.8333,179.19,5375.81
Visakhapatnam,17.6868,83.2185,Thiruchanur APMC,13.6173,79.4105,609.03,18270.84
Visakhapatnam,17.6868,83.2185,Vijayanagaram APMC,18.1067,83.3956,50.31,1509.33
Visakhapatnam,17.6868,83.2185,Nandyal APMC,15.477,78.4836,561.2,16836.08
Visakhapatnam,17.6868,83.2185,Palamaner APMC,13.1992,78.7476,691.72,20751.51
Visakhapatnam,17.6868,83.2185,Tadikonda APMC,16.4128,80.4534,326.3,9788.92
Visakhapatnam,17.6868,83.2185,Tiruvuru APMC,17.1,80.6333,281.97,8459
Visakhapatnam,17.6868,83.2185,Adoni APMC,15.6279,77.2749,673.22,20196.62
Visakhapatnam,17.6868,83.2185,Atmakur(SPS) APMC,14.6247,79.4126,530.2,15905.91
Visakhapatnam,17.6868,83.2185,Dharmavaram APMC,14.4143,77.7126,691.7,20750.91
Visakhapatnam,17.6868,83.2185,Tenakallu APMC,14.25,77.7333,699.82,20994.62
Visakhapatnam,17.6868,83.2185,Cuddapah APMC,14.4673,78.8242,590.36,17710.7
Visakhapatnam,17.6868,83.2185,Lakkireddipalli APMC,14.1283,78.7239,622.48,18674.36
Visakhapatnam,17.6868,83.2185,Pulivendula APMC,14.4214,78.225,645.33,19360
Visakhapatnam,17.6868,83.2185,Yemmiganur APMC,15.772,77.483,646.76,19402.78
Visakhapatnam,17.6868,83.2185,Gudur APMC,14.1467,79.85,533.52,16005.59
Visakhapatnam,17.6868,83.2185,Kadiri APMC,14.1116,78.1616,671.09,20132.74
Visakhapatnam,17.6868,83.2185,Jaggayyapeta APMC,16.8938,80.0971,342.92,10287.69
Visakhapatnam,17.6868,83.2185,Mylavaram APMC,16.7626,80.642,292.3,8768.99
Visakhapatnam,17.6868,83.2185,Bangarupalyam APMC,13.2123,78.95,675.8,20273.93
Visakhapatnam,17.6868,83.2185,Chittoor APMC,13.2172,79.1003,664.6,19937.85
Visakhapatnam,17.6868,83.2185,Puttur APMC,13.4416,79.5535,613.89,18416.65
Visakhapatnam,17.6868,83.2185,Rampachodavaram APMC,17.4333,81.7833,154.74,4642.17
Visakhapatnam,17.6868,83.2185,Proddatur APMC,14.75,78.55,595.83,17875.02
Visakhapatnam,17.6868,83.2185,Jaggampeta APMC,17.1865,82.059,135,4050.01
Visakhapatnam,17.6868,83.2185,Kakinada APMC,16.9891,82.2475,129,3869.98
Visakhapatnam,17.6868,83.2185,Karapa APMC,16.9833,82.2333,130.59,3917.8
Visakhapatnam,17.6868,83.2185,Peddapuram APMC,17.0833,82.1333,133.28,3998.45
Visakhapatnam,17.6868,83.2185,Prattipadu APMC,16.3,80.4167,335.47,10064.2
Visakhapatnam,17.6868,83.2185,Tuni APMC,17.35,82.55,80.17,2405.13
Visakhapatnam,17.6868,83.2185,Divi APMC,16.45,81.15,259.34,7780.13
Visakhapatnam,17.6868,83.2185,Nellore APMC,14.4426,79.9865,499.35,14980.65
Visakhapatnam,17.6868,83.2185,Chintapalli APMC,17.8667,82.35,94.11,2823.37
Visakhapatnam,17.6868,83.2185,Gopalavaram APMC,16.7333,81.6833,194.5,5834.97
Visakhapatnam,17.6868,83.2185,Anantapur APMC,14.6819,77.6006,686.61,20598.18
Visakhapatnam,17.6868,83.2185,Valmikipuram APMC,13.9167,79.2167,599.15,17974.45
Visakhapatnam,17.6868,83.2185,Kalikiri APMC,13.55,78.8,659.82,19794.48
Visakhapatnam,17.6868,83.2185,Madanapalli APMC,13.5503,78.5029,682.96,20488.67
Visakhapatnam,17.6868,83.2185,Mulakalacheruvu APMC,13.8,78.3833,674.12,20223.59
Visakhapatnam,17.6868,83.2185,Punganur APMC,13.3667,78.5833,690.81,20724.28
Visakhapatnam,17.6868,83.2185,Vayalapadu APMC,13.3667,78.7,681.88,20456.48
Visakhapatnam,17.6868,83.2185,Pattikonda APMC,15.395,77.5086,659.77,19793.03
Visakhapatnam,17.6868,83.2185,Duggirala APMC,16.3237,80.621,315.05,9451.4
Visakhapatnam,17.6868,83.2185,Paderu APMC,18.0833,82.6667,73.17,2195.02
Visakhapatnam,17.6868,83.2185,Ipur APMC,16.09,79.97,388.56,11656.82
Vizianagaram,18.1067,83.3956,Kurnool APMC,15.8281,78.0373,623.61,18708.18
Vizianagaram,18.1067,83.3956,Rapur APMC,14.2,79.5333,598.99,17969.66
Vizianagaram,18.1067,83.3956,Tirupati APMC,13.6288,79.4192,654.74,19642.34
Vizianagaram,18.1067,83.3956,Rajampet APMC,14.1933,79.1606,627.57,18827.21
Vizianagaram,18.1067,83.3956,Ambajipeta APMC,16.715,81.99,214.91,6447.36
Vizianagaram,18.1067,83.3956,Rajahmundry APMC,16.9891,81.784,211.27,6338.17
Vizianagaram,18.1067,83.3956,Ravulapalem APMC,16.7667,81.8333,222.86,6685.92
Vizianagaram,18.1067,83.3956,Thiruchanur APMC,13.6173,79.4105,656.33,19689.86
Vizianagaram,18.1067,83.3956,Vijayanagaram APMC,18.1067,83.3956,0,0
Vizianagaram,18.1067,83.3956,Nandyal APMC,15.477,78.4836,599.04,17971.3
Vizianagaram,18.1067,83.3956,Palamaner APMC,13.1992,78.7476,738.41,22152.34
Vizianagaram,18.1067,83.3956,Tadikonda APMC,16.4128,80.4534,364.8,10943.86
Vizianagaram,18.1067,83.3956,Tiruvuru APMC,17.1,80.6333,313.43,9403.02
Vizianagaram,18.1067,83.3956,Adoni APMC,15.6279,77.2749,707.15,21214.47
Vizianagaram,18.1067,83.3956,Atmakur(SPS) APMC,14.6247,79.4126,574.81,17244.42
Vizianagaram,18.1067,83.3956,Dharmavaram APMC,14.4143,77.7126,732.4,21971.9
Vizianagaram,18.1067,83.3956,Tenakallu APMC,14.25,77.7333,741.19,22235.58
Vizianagaram,18.1067,83.3956,Cuddapah APMC,14.4673,78.8242,633.81,19014.44
Vizianagaram,18.1067,83.3956,Lakkireddipalli APMC,14.1283,78.7239,666.79,20003.83
Vizianagaram,18.1067,83.3956,Pulivendula APMC,14.4214,78.225,687.32,20619.63
Vizianagaram,18.1067,83.3956,Yemmiganur APMC,15.772,77.483,680.33,20409.81
Vizianagaram,18.1067,83.3956,Gudur APMC,14.1467,79.85,580.74,17422.24
Vizianagaram,18.1067,83.3956,Kadiri APMC,14.1116,78.1616,714.01,21420.28
Vizianagaram,18.1067,83.3956,Jaggayyapeta APMC,16.8938,80.0971,374.89,11246.63
Vizianagaram,18.1067,83.3956,Mylavaram APMC,16.7626,80.642,328.12,9843.7
Vizianagaram,18.1067,83.3956,Bangarupalyam APMC,13.2123,78.95,722.89,21686.65
Vizianagaram,18.1067,83.3956,Chittoor APMC,13.2172,79.1003,711.98,21359.54
Vizianagaram,18.1067,83.3956,Puttur APMC,13.4416,79.5535,661.81,19854.39
Vizianagaram,18.1067,83.3956,Rampachodavaram APMC,17.4333,81.7833,186.42,5592.69
Vizianagaram,18.1067,83.3956,Proddatur APMC,14.75,78.55,637.41,19122.42
Vizianagaram,18.1067,83.3956,Jaggampeta APMC,17.1865,82.059,174.72,5241.68
Vizianagaram,18.1067,83.3956,Kakinada APMC,16.9891,82.2475,173.95,5218.54
Vizianagaram,18.1067,83.3956,Karapa APMC,16.9833,82.2333,175.47,5264.03
Vizianagaram,18.1067,83.3956,Peddapuram APMC,17.0833,82.1333,175.64,5269.26
Vizianagaram,18.1067,83.3956,Prattipadu APMC,16.3,80.4167,374.79,11243.71
Vizianagaram,18.1067,83.3956,Tuni APMC,17.35,82.55,122.89,3686.56
Vizianagaram,18.1067,83.3956,Divi APMC,16.45,81.15,301.3,9038.89
Vizianagaram,18.1067,83.3956,Nellore APMC,14.4426,79.9865,546.22,16386.46
Vizianagaram,18.1067,83.3956,Chintapalli APMC,17.8667,82.35,113.76,3412.73
Vizianagaram,18.1067,83.3956,Gopalavaram APMC,16.7333,81.6833,237.32,7119.7
Vizianagaram,18.1067,83.3956,Anantapur APMC,14.6819,77.6006,725.94,21778.35
Vizianagaram,18.1067,83.3956,Valmikipuram APMC,13.9167,79.2167,645.32,19359.74
Vizianagaram,18.1067,83.3956,Kalikiri APMC,13.55,78.8,705.88,21176.27
Vizianagaram,18.1067,83.3956,Madanapalli APMC,13.5503,78.5029,728.33,21849.89
Vizianagaram,18.1067,83.3956,Mulakalacheruvu APMC,13.8,78.3833,718.55,21556.43
Vizianagaram,18.1067,83.3956,Punganur APMC,13.3667,78.5833,736.8,22103.93
Vizianagaram,18.1067,83.3956,Vayalapadu APMC,13.3667,78.7,728.13,21843.85
Vizianagaram,18.1067,83.3956,Pattikonda APMC,15.395,77.5086,695.49,20864.77
Vizianagaram,18.1067,83.3956,Duggirala APMC,16.3237,80.621,355.17,10655.05
Vizianagaram,18.1067,83.3956,Paderu APMC,18.0833,82.6667,77.09,2312.56
Vizianagaram,18.1067,83.3956,Ipur APMC,16.09,79.97,427.57,12827.07
Srikakulam,18.2969,83.8968,Kurnool APMC,15.8281,78.0373,680.6,20418.08
Srikakulam,18.2969,83.8968,Rapur APMC,14.2,79.5333,651.45,19543.63
Srikakulam,18.2969,83.8968,Tirupati APMC,13.6288,79.4192,705.98,21179.41
Srikakulam,18.2969,83.8968,Rajampet APMC,14.1933,79.1606,680.96,20428.81
Srikakulam,18.2969,83.8968,Ambajipeta APMC,16.715,81.99,268,8040.02
Srikakulam,18.2969,83.8968,Rajahmundry APMC,16.9891,81.784,266.96,8008.77
Srikakulam,18.2969,83.8968,Ravulapalem APMC,16.7667,81.8333,277.16,8314.78
Srikakulam,18.2969,83.8968,Thiruchanur APMC,13.6173,79.4105,707.56,21226.78
Srikakulam,18.2969,83.8968,Vijayanagaram APMC,18.1067,83.3956,57.01,1710.31
Srikakulam,18.2969,83.8968,Nandyal APMC,15.477,78.4836,655.7,19671.14
Srikakulam,18.2969,83.8968,Palamaner APMC,13.1992,78.7476,790.4,23711.85
Srikakulam,18.2969,83.8968,Tadikonda APMC,16.4128,80.4534,421.23,12636.79
Srikakulam,18.2969,83.8968,Tiruvuru APMC,17.1,80.6333,370.43,11112.92
Srikakulam,18.2969,83.8968,Adoni APMC,15.6279,77.2749,764.16,22924.77
Srikakulam,18.2969,83.8968,Atmakur(SPS) APMC,14.6247,79.4126,628.72,18861.51
Srikakulam,18.2969,83.8968,Dharmavaram APMC,14.4143,77.7126,788.36,23650.8
Srikakulam,18.2969,83.8968,Tenakallu APMC,14.25,77.7333,796.91,23907.15
Srikakulam,18.2969,83.8968,Cuddapah APMC,14.4673,78.8242,688.49,20654.77
Srikakulam,18.2969,83.8968,Lakkireddipalli APMC,14.1283,78.7239,720.93,21627.82
Srikakulam,18.2969,83.8968,Pulivendula APMC,14.4214,78.225,742.77,22283.03
Srikakulam,18.2969,83.8968,Yemmiganur APMC,15.772,77.483,737.34,22120.09
Srikakulam,18.2969,83.8968,Gudur APMC,14.1467,79.85,632.09,18962.75
Srikakulam,18.2969,83.8968,Kadiri APMC,14.1116,78.1616,769.01,23070.19
Srikakulam,18.2969,83.8968,Jaggayyapeta APMC,16.8938,80.0971,431.89,12956.57
Srikakulam,18.2969,83.8968,Mylavaram APMC,16.7626,80.642,384.96,11548.84
Srikakulam,18.2969,83.8968,Bangarupalyam APMC,13.2123,78.95,774.39,23231.61
Srikakulam,18.2969,83.8968,Chittoor APMC,13.2172,79.1003,763.08,22892.51
Srikakulam,18.2969,83.8968,Puttur APMC,13.4416,79.5535,712.12,21363.52
Srikakulam,18.2969,83.8968,Rampachodavaram APMC,17.4333,81.7833,243.42,7302.5
Srikakulam,18.2969,83.8968,Proddatur APMC,14.75,78.55,693.02,20790.7
Srikakulam,18.2969,83.8968,Jaggampeta APMC,17.1865,82.059,230.49,6914.72
Srikakulam,18.2969,83.8968,Kakinada APMC,16.9891,82.2475,227.35,6820.56
Srikakulam,18.2969,83.8968,Karapa APMC,16.9833,82.2333,228.92,6867.71
Srikakulam,18.2969,83.8968,Peddapuram APMC,17.0833,82.1333,230.46,6913.69
Srikakulam,18.2969,83.8968,Prattipadu APMC,16.3,80.4167,431.03,12930.94
Srikakulam,18.2969,83.8968,Tuni APMC,17.35,82.55,177.23,5316.99
Srikakulam,18.2969,83.8968,Divi APMC,16.45,81.15,356.56,10696.76
Srikakulam,18.2969,83.8968,Nellore APMC,14.4426,79.9865,598.02,17940.67
Srikakulam,18.2969,83.8968,Chintapalli APMC,17.8667,82.35,170.36,5110.66
Srikakulam,18.2969,83.8968,Gopalavaram APMC,16.7333,81.6833,292.09,8762.71
Srikakulam,18.2969,83.8968,Anantapur APMC,14.6819,77.6006,782.31,23469.39
Srikakulam,18.2969,83.8968,Valmikipuram APMC,13.9167,79.2167,697.88,20936.39
Srikakulam,18.2969,83.8968,Kalikiri APMC,13.55,78.8,758.55,22756.46
Srikakulam,18.2969,83.8968,Madanapalli APMC,13.5503,78.5029,781.64,23449.32
Srikakulam,18.2969,83.8968,Mulakalacheruvu APMC,13.8,78.3833,772.61,23178.24
Srikakulam,18.2969,83.8968,Punganur APMC,13.3667,78.5833,789.54,23686.26
Srikakulam,18.2969,83.8968,Vayalapadu APMC,13.3667,78.7,780.61,23418.3
Srikakulam,18.2969,83.8968,Pattikonda APMC,15.395,77.5086,752.43,22572.96
Srikakulam,18.2969,83.8968,Duggirala APMC,16.3237,80.621,411.16,12334.91
Srikakulam,18.2969,83.8968,Paderu APMC,18.0833,82.6667,132.1,3962.93
Srikakulam,18.2969,83.8968,Ipur APMC,16.09,79.97,483.92,14517.68
